"userPassword","userEmail"
P4$$w0rd,1@localhost
P4$$w0rd,2@localhost
P4$$w0rd,3@localhost
P4$$w0rd,4@localhost
P4$$w0rd,5@localhost
P4$$w0rd,6@localhost
P4$$w0rd,7@localhost
P4$$w0rd,8@localhost
P4$$w0rd,9@localhost
P4$$w0rd,10@localhost
P4$$w0rd,11@localhost
P4$$w0rd,12@localhost
P4$$w0rd,13@localhost
P4$$w0rd,14@localhost
P4$$w0rd,15@localhost
P4$$w0rd,16@localhost
P4$$w0rd,17@localhost
P4$$w0rd,18@localhost
P4$$w0rd,19@localhost
P4$$w0rd,20@localhost
P4$$w0rd,21@localhost
P4$$w0rd,22@localhost
P4$$w0rd,23@localhost
P4$$w0rd,24@localhost
P4$$w0rd,25@localhost
P4$$w0rd,26@localhost
P4$$w0rd,27@localhost
P4$$w0rd,28@localhost
P4$$w0rd,29@localhost
P4$$w0rd,30@localhost
P4$$w0rd,31@localhost
P4$$w0rd,32@localhost
P4$$w0rd,33@localhost
P4$$w0rd,34@localhost
P4$$w0rd,35@localhost
P4$$w0rd,36@localhost
P4$$w0rd,37@localhost
P4$$w0rd,38@localhost
P4$$w0rd,39@localhost
P4$$w0rd,40@localhost
P4$$w0rd,41@localhost
P4$$w0rd,42@localhost
P4$$w0rd,43@localhost
P4$$w0rd,44@localhost
P4$$w0rd,45@localhost
P4$$w0rd,46@localhost
P4$$w0rd,47@localhost
P4$$w0rd,48@localhost
P4$$w0rd,49@localhost
P4$$w0rd,50@localhost
P4$$w0rd,51@localhost
P4$$w0rd,52@localhost
P4$$w0rd,53@localhost
P4$$w0rd,54@localhost
P4$$w0rd,55@localhost
P4$$w0rd,56@localhost
P4$$w0rd,57@localhost
P4$$w0rd,58@localhost
P4$$w0rd,59@localhost
P4$$w0rd,60@localhost
P4$$w0rd,61@localhost
P4$$w0rd,62@localhost
P4$$w0rd,63@localhost
P4$$w0rd,64@localhost
P4$$w0rd,65@localhost
P4$$w0rd,66@localhost
P4$$w0rd,67@localhost
P4$$w0rd,68@localhost
P4$$w0rd,69@localhost
P4$$w0rd,70@localhost
P4$$w0rd,71@localhost
P4$$w0rd,72@localhost
P4$$w0rd,73@localhost
P4$$w0rd,74@localhost
P4$$w0rd,75@localhost
P4$$w0rd,76@localhost
P4$$w0rd,77@localhost
P4$$w0rd,78@localhost
P4$$w0rd,79@localhost
P4$$w0rd,80@localhost
P4$$w0rd,81@localhost
P4$$w0rd,82@localhost
P4$$w0rd,83@localhost
P4$$w0rd,84@localhost
P4$$w0rd,85@localhost
P4$$w0rd,86@localhost
P4$$w0rd,87@localhost
P4$$w0rd,88@localhost
P4$$w0rd,89@localhost
P4$$w0rd,90@localhost
P4$$w0rd,91@localhost
P4$$w0rd,92@localhost
P4$$w0rd,93@localhost
P4$$w0rd,94@localhost
P4$$w0rd,95@localhost
P4$$w0rd,96@localhost
P4$$w0rd,97@localhost
P4$$w0rd,98@localhost
P4$$w0rd,99@localhost
P4$$w0rd,100@localhost
P4$$w0rd,101@localhost
P4$$w0rd,102@localhost
P4$$w0rd,103@localhost
P4$$w0rd,104@localhost
P4$$w0rd,105@localhost
P4$$w0rd,106@localhost
P4$$w0rd,107@localhost
P4$$w0rd,108@localhost
P4$$w0rd,109@localhost
P4$$w0rd,110@localhost
P4$$w0rd,111@localhost
P4$$w0rd,112@localhost
P4$$w0rd,113@localhost
P4$$w0rd,114@localhost
P4$$w0rd,115@localhost
P4$$w0rd,116@localhost
P4$$w0rd,117@localhost
P4$$w0rd,118@localhost
P4$$w0rd,119@localhost
P4$$w0rd,120@localhost
P4$$w0rd,121@localhost
P4$$w0rd,122@localhost
P4$$w0rd,123@localhost
P4$$w0rd,124@localhost
P4$$w0rd,125@localhost
P4$$w0rd,126@localhost
P4$$w0rd,127@localhost
P4$$w0rd,128@localhost
P4$$w0rd,129@localhost
P4$$w0rd,130@localhost
P4$$w0rd,131@localhost
P4$$w0rd,132@localhost
P4$$w0rd,133@localhost
P4$$w0rd,134@localhost
P4$$w0rd,135@localhost
P4$$w0rd,136@localhost
P4$$w0rd,137@localhost
P4$$w0rd,138@localhost
P4$$w0rd,139@localhost
P4$$w0rd,140@localhost
P4$$w0rd,141@localhost
P4$$w0rd,142@localhost
P4$$w0rd,143@localhost
P4$$w0rd,144@localhost
P4$$w0rd,145@localhost
P4$$w0rd,146@localhost
P4$$w0rd,147@localhost
P4$$w0rd,148@localhost
P4$$w0rd,149@localhost
P4$$w0rd,150@localhost
P4$$w0rd,151@localhost
P4$$w0rd,152@localhost
P4$$w0rd,153@localhost
P4$$w0rd,154@localhost
P4$$w0rd,155@localhost
P4$$w0rd,156@localhost
P4$$w0rd,157@localhost
P4$$w0rd,158@localhost
P4$$w0rd,159@localhost
P4$$w0rd,160@localhost
P4$$w0rd,161@localhost
P4$$w0rd,162@localhost
P4$$w0rd,163@localhost
P4$$w0rd,164@localhost
P4$$w0rd,165@localhost
P4$$w0rd,166@localhost
P4$$w0rd,167@localhost
P4$$w0rd,168@localhost
P4$$w0rd,169@localhost
P4$$w0rd,170@localhost
P4$$w0rd,171@localhost
P4$$w0rd,172@localhost
P4$$w0rd,173@localhost
P4$$w0rd,174@localhost
P4$$w0rd,175@localhost
P4$$w0rd,176@localhost
P4$$w0rd,177@localhost
P4$$w0rd,178@localhost
P4$$w0rd,179@localhost
P4$$w0rd,180@localhost
P4$$w0rd,181@localhost
P4$$w0rd,182@localhost
P4$$w0rd,183@localhost
P4$$w0rd,184@localhost
P4$$w0rd,185@localhost
P4$$w0rd,186@localhost
P4$$w0rd,187@localhost
P4$$w0rd,188@localhost
P4$$w0rd,189@localhost
P4$$w0rd,190@localhost
P4$$w0rd,191@localhost
P4$$w0rd,192@localhost
P4$$w0rd,193@localhost
P4$$w0rd,194@localhost
P4$$w0rd,195@localhost
P4$$w0rd,196@localhost
P4$$w0rd,197@localhost
P4$$w0rd,198@localhost
P4$$w0rd,199@localhost
P4$$w0rd,200@localhost
P4$$w0rd,201@localhost
P4$$w0rd,202@localhost
P4$$w0rd,203@localhost
P4$$w0rd,204@localhost
P4$$w0rd,205@localhost
P4$$w0rd,206@localhost
P4$$w0rd,207@localhost
P4$$w0rd,208@localhost
P4$$w0rd,209@localhost
P4$$w0rd,210@localhost
P4$$w0rd,211@localhost
P4$$w0rd,212@localhost
P4$$w0rd,213@localhost
P4$$w0rd,214@localhost
P4$$w0rd,215@localhost
P4$$w0rd,216@localhost
P4$$w0rd,217@localhost
P4$$w0rd,218@localhost
P4$$w0rd,219@localhost
P4$$w0rd,220@localhost
P4$$w0rd,221@localhost
P4$$w0rd,222@localhost
P4$$w0rd,223@localhost
P4$$w0rd,224@localhost
P4$$w0rd,225@localhost
P4$$w0rd,226@localhost
P4$$w0rd,227@localhost
P4$$w0rd,228@localhost
P4$$w0rd,229@localhost
P4$$w0rd,230@localhost
P4$$w0rd,231@localhost
P4$$w0rd,232@localhost
P4$$w0rd,233@localhost
P4$$w0rd,234@localhost
P4$$w0rd,235@localhost
P4$$w0rd,236@localhost
P4$$w0rd,237@localhost
P4$$w0rd,238@localhost
P4$$w0rd,239@localhost
P4$$w0rd,240@localhost
P4$$w0rd,241@localhost
P4$$w0rd,242@localhost
P4$$w0rd,243@localhost
P4$$w0rd,244@localhost
P4$$w0rd,245@localhost
P4$$w0rd,246@localhost
P4$$w0rd,247@localhost
P4$$w0rd,248@localhost
P4$$w0rd,249@localhost
P4$$w0rd,250@localhost
P4$$w0rd,251@localhost
P4$$w0rd,252@localhost
P4$$w0rd,253@localhost
P4$$w0rd,254@localhost
P4$$w0rd,255@localhost
P4$$w0rd,256@localhost
P4$$w0rd,257@localhost
P4$$w0rd,258@localhost
P4$$w0rd,259@localhost
P4$$w0rd,260@localhost
P4$$w0rd,261@localhost
P4$$w0rd,262@localhost
P4$$w0rd,263@localhost
P4$$w0rd,264@localhost
P4$$w0rd,265@localhost
P4$$w0rd,266@localhost
P4$$w0rd,267@localhost
P4$$w0rd,268@localhost
P4$$w0rd,269@localhost
P4$$w0rd,270@localhost
P4$$w0rd,271@localhost
P4$$w0rd,272@localhost
P4$$w0rd,273@localhost
P4$$w0rd,274@localhost
P4$$w0rd,275@localhost
P4$$w0rd,276@localhost
P4$$w0rd,277@localhost
P4$$w0rd,278@localhost
P4$$w0rd,279@localhost
P4$$w0rd,280@localhost
P4$$w0rd,281@localhost
P4$$w0rd,282@localhost
P4$$w0rd,283@localhost
P4$$w0rd,284@localhost
P4$$w0rd,285@localhost
P4$$w0rd,286@localhost
P4$$w0rd,287@localhost
P4$$w0rd,288@localhost
P4$$w0rd,289@localhost
P4$$w0rd,290@localhost
P4$$w0rd,291@localhost
P4$$w0rd,292@localhost
P4$$w0rd,293@localhost
P4$$w0rd,294@localhost
P4$$w0rd,295@localhost
P4$$w0rd,296@localhost
P4$$w0rd,297@localhost
P4$$w0rd,298@localhost
P4$$w0rd,299@localhost
P4$$w0rd,300@localhost
P4$$w0rd,301@localhost
P4$$w0rd,302@localhost
P4$$w0rd,303@localhost
P4$$w0rd,304@localhost
P4$$w0rd,305@localhost
P4$$w0rd,306@localhost
P4$$w0rd,307@localhost
P4$$w0rd,308@localhost
P4$$w0rd,309@localhost
P4$$w0rd,310@localhost
P4$$w0rd,311@localhost
P4$$w0rd,312@localhost
P4$$w0rd,313@localhost
P4$$w0rd,314@localhost
P4$$w0rd,315@localhost
P4$$w0rd,316@localhost
P4$$w0rd,317@localhost
P4$$w0rd,318@localhost
P4$$w0rd,319@localhost
P4$$w0rd,320@localhost
P4$$w0rd,321@localhost
P4$$w0rd,322@localhost
P4$$w0rd,323@localhost
P4$$w0rd,324@localhost
P4$$w0rd,325@localhost
P4$$w0rd,326@localhost
P4$$w0rd,327@localhost
P4$$w0rd,328@localhost
P4$$w0rd,329@localhost
P4$$w0rd,330@localhost
P4$$w0rd,331@localhost
P4$$w0rd,332@localhost
P4$$w0rd,333@localhost
P4$$w0rd,334@localhost
P4$$w0rd,335@localhost
P4$$w0rd,336@localhost
P4$$w0rd,337@localhost
P4$$w0rd,338@localhost
P4$$w0rd,339@localhost
P4$$w0rd,340@localhost
P4$$w0rd,341@localhost
P4$$w0rd,342@localhost
P4$$w0rd,343@localhost
P4$$w0rd,344@localhost
P4$$w0rd,345@localhost
P4$$w0rd,346@localhost
P4$$w0rd,347@localhost
P4$$w0rd,348@localhost
P4$$w0rd,349@localhost
P4$$w0rd,350@localhost
P4$$w0rd,351@localhost
P4$$w0rd,352@localhost
P4$$w0rd,353@localhost
P4$$w0rd,354@localhost
P4$$w0rd,355@localhost
P4$$w0rd,356@localhost
P4$$w0rd,357@localhost
P4$$w0rd,358@localhost
P4$$w0rd,359@localhost
P4$$w0rd,360@localhost
P4$$w0rd,361@localhost
P4$$w0rd,362@localhost
P4$$w0rd,363@localhost
P4$$w0rd,364@localhost
P4$$w0rd,365@localhost
P4$$w0rd,366@localhost
P4$$w0rd,367@localhost
P4$$w0rd,368@localhost
P4$$w0rd,369@localhost
P4$$w0rd,370@localhost
P4$$w0rd,371@localhost
P4$$w0rd,372@localhost
P4$$w0rd,373@localhost
P4$$w0rd,374@localhost
P4$$w0rd,375@localhost
P4$$w0rd,376@localhost
P4$$w0rd,377@localhost
P4$$w0rd,378@localhost
P4$$w0rd,379@localhost
P4$$w0rd,380@localhost
P4$$w0rd,381@localhost
P4$$w0rd,382@localhost
P4$$w0rd,383@localhost
P4$$w0rd,384@localhost
P4$$w0rd,385@localhost
P4$$w0rd,386@localhost
P4$$w0rd,387@localhost
P4$$w0rd,388@localhost
P4$$w0rd,389@localhost
P4$$w0rd,390@localhost
P4$$w0rd,391@localhost
P4$$w0rd,392@localhost
P4$$w0rd,393@localhost
P4$$w0rd,394@localhost
P4$$w0rd,395@localhost
P4$$w0rd,396@localhost
P4$$w0rd,397@localhost
P4$$w0rd,398@localhost
P4$$w0rd,399@localhost
P4$$w0rd,400@localhost
P4$$w0rd,401@localhost
P4$$w0rd,402@localhost
P4$$w0rd,403@localhost
P4$$w0rd,404@localhost
P4$$w0rd,405@localhost
P4$$w0rd,406@localhost
P4$$w0rd,407@localhost
P4$$w0rd,408@localhost
P4$$w0rd,409@localhost
P4$$w0rd,410@localhost
P4$$w0rd,411@localhost
P4$$w0rd,412@localhost
P4$$w0rd,413@localhost
P4$$w0rd,414@localhost
P4$$w0rd,415@localhost
P4$$w0rd,416@localhost
P4$$w0rd,417@localhost
P4$$w0rd,418@localhost
P4$$w0rd,419@localhost
P4$$w0rd,420@localhost
P4$$w0rd,421@localhost
P4$$w0rd,422@localhost
P4$$w0rd,423@localhost
P4$$w0rd,424@localhost
P4$$w0rd,425@localhost
P4$$w0rd,426@localhost
P4$$w0rd,427@localhost
P4$$w0rd,428@localhost
P4$$w0rd,429@localhost
P4$$w0rd,430@localhost
P4$$w0rd,431@localhost
P4$$w0rd,432@localhost
P4$$w0rd,433@localhost
P4$$w0rd,434@localhost
P4$$w0rd,435@localhost
P4$$w0rd,436@localhost
P4$$w0rd,437@localhost
P4$$w0rd,438@localhost
P4$$w0rd,439@localhost
P4$$w0rd,440@localhost
P4$$w0rd,441@localhost
P4$$w0rd,442@localhost
P4$$w0rd,443@localhost
P4$$w0rd,444@localhost
P4$$w0rd,445@localhost
P4$$w0rd,446@localhost
P4$$w0rd,447@localhost
P4$$w0rd,448@localhost
P4$$w0rd,449@localhost
P4$$w0rd,450@localhost
P4$$w0rd,451@localhost
P4$$w0rd,452@localhost
P4$$w0rd,453@localhost
P4$$w0rd,454@localhost
P4$$w0rd,455@localhost
P4$$w0rd,456@localhost
P4$$w0rd,457@localhost
P4$$w0rd,458@localhost
P4$$w0rd,459@localhost
P4$$w0rd,460@localhost
P4$$w0rd,461@localhost
P4$$w0rd,462@localhost
P4$$w0rd,463@localhost
P4$$w0rd,464@localhost
P4$$w0rd,465@localhost
P4$$w0rd,466@localhost
P4$$w0rd,467@localhost
P4$$w0rd,468@localhost
P4$$w0rd,469@localhost
P4$$w0rd,470@localhost
P4$$w0rd,471@localhost
P4$$w0rd,472@localhost
P4$$w0rd,473@localhost
P4$$w0rd,474@localhost
P4$$w0rd,475@localhost
P4$$w0rd,476@localhost
P4$$w0rd,477@localhost
P4$$w0rd,478@localhost
P4$$w0rd,479@localhost
P4$$w0rd,480@localhost
P4$$w0rd,481@localhost
P4$$w0rd,482@localhost
P4$$w0rd,483@localhost
P4$$w0rd,484@localhost
P4$$w0rd,485@localhost
P4$$w0rd,486@localhost
P4$$w0rd,487@localhost
P4$$w0rd,488@localhost
P4$$w0rd,489@localhost
P4$$w0rd,490@localhost
P4$$w0rd,491@localhost
P4$$w0rd,492@localhost
P4$$w0rd,493@localhost
P4$$w0rd,494@localhost
P4$$w0rd,495@localhost
P4$$w0rd,496@localhost
P4$$w0rd,497@localhost
P4$$w0rd,498@localhost
P4$$w0rd,499@localhost
P4$$w0rd,500@localhost
P4$$w0rd,501@localhost
P4$$w0rd,502@localhost
P4$$w0rd,503@localhost
P4$$w0rd,504@localhost
P4$$w0rd,505@localhost
P4$$w0rd,506@localhost
P4$$w0rd,507@localhost
P4$$w0rd,508@localhost
P4$$w0rd,509@localhost
P4$$w0rd,510@localhost
P4$$w0rd,511@localhost
P4$$w0rd,512@localhost
P4$$w0rd,513@localhost
P4$$w0rd,514@localhost
P4$$w0rd,515@localhost
P4$$w0rd,516@localhost
P4$$w0rd,517@localhost
P4$$w0rd,518@localhost
P4$$w0rd,519@localhost
P4$$w0rd,520@localhost
P4$$w0rd,521@localhost
P4$$w0rd,522@localhost
P4$$w0rd,523@localhost
P4$$w0rd,524@localhost
P4$$w0rd,525@localhost
P4$$w0rd,526@localhost
P4$$w0rd,527@localhost
P4$$w0rd,528@localhost
P4$$w0rd,529@localhost
P4$$w0rd,530@localhost
P4$$w0rd,531@localhost
P4$$w0rd,532@localhost
P4$$w0rd,533@localhost
P4$$w0rd,534@localhost
P4$$w0rd,535@localhost
P4$$w0rd,536@localhost
P4$$w0rd,537@localhost
P4$$w0rd,538@localhost
P4$$w0rd,539@localhost
P4$$w0rd,540@localhost
P4$$w0rd,541@localhost
P4$$w0rd,542@localhost
P4$$w0rd,543@localhost
P4$$w0rd,544@localhost
P4$$w0rd,545@localhost
P4$$w0rd,546@localhost
P4$$w0rd,547@localhost
P4$$w0rd,548@localhost
P4$$w0rd,549@localhost
P4$$w0rd,550@localhost
P4$$w0rd,551@localhost
P4$$w0rd,552@localhost
P4$$w0rd,553@localhost
P4$$w0rd,554@localhost
P4$$w0rd,555@localhost
P4$$w0rd,556@localhost
P4$$w0rd,557@localhost
P4$$w0rd,558@localhost
P4$$w0rd,559@localhost
P4$$w0rd,560@localhost
P4$$w0rd,561@localhost
P4$$w0rd,562@localhost
P4$$w0rd,563@localhost
P4$$w0rd,564@localhost
P4$$w0rd,565@localhost
P4$$w0rd,566@localhost
P4$$w0rd,567@localhost
P4$$w0rd,568@localhost
P4$$w0rd,569@localhost
P4$$w0rd,570@localhost
P4$$w0rd,571@localhost
P4$$w0rd,572@localhost
P4$$w0rd,573@localhost
P4$$w0rd,574@localhost
P4$$w0rd,575@localhost
P4$$w0rd,576@localhost
P4$$w0rd,577@localhost
P4$$w0rd,578@localhost
P4$$w0rd,579@localhost
P4$$w0rd,580@localhost
P4$$w0rd,581@localhost
P4$$w0rd,582@localhost
P4$$w0rd,583@localhost
P4$$w0rd,584@localhost
P4$$w0rd,585@localhost
P4$$w0rd,586@localhost
P4$$w0rd,587@localhost
P4$$w0rd,588@localhost
P4$$w0rd,589@localhost
P4$$w0rd,590@localhost
P4$$w0rd,591@localhost
P4$$w0rd,592@localhost
P4$$w0rd,593@localhost
P4$$w0rd,594@localhost
P4$$w0rd,595@localhost
P4$$w0rd,596@localhost
P4$$w0rd,597@localhost
P4$$w0rd,598@localhost
P4$$w0rd,599@localhost
P4$$w0rd,600@localhost
P4$$w0rd,601@localhost
P4$$w0rd,602@localhost
P4$$w0rd,603@localhost
P4$$w0rd,604@localhost
P4$$w0rd,605@localhost
P4$$w0rd,606@localhost
P4$$w0rd,607@localhost
P4$$w0rd,608@localhost
P4$$w0rd,609@localhost
P4$$w0rd,610@localhost
P4$$w0rd,611@localhost
P4$$w0rd,612@localhost
P4$$w0rd,613@localhost
P4$$w0rd,614@localhost
P4$$w0rd,615@localhost
P4$$w0rd,616@localhost
P4$$w0rd,617@localhost
P4$$w0rd,618@localhost
P4$$w0rd,619@localhost
P4$$w0rd,620@localhost
P4$$w0rd,621@localhost
P4$$w0rd,622@localhost
P4$$w0rd,623@localhost
P4$$w0rd,624@localhost
P4$$w0rd,625@localhost
P4$$w0rd,626@localhost
P4$$w0rd,627@localhost
P4$$w0rd,628@localhost
P4$$w0rd,629@localhost
P4$$w0rd,630@localhost
P4$$w0rd,631@localhost
P4$$w0rd,632@localhost
P4$$w0rd,633@localhost
P4$$w0rd,634@localhost
P4$$w0rd,635@localhost
P4$$w0rd,636@localhost
P4$$w0rd,637@localhost
P4$$w0rd,638@localhost
P4$$w0rd,639@localhost
P4$$w0rd,640@localhost
P4$$w0rd,641@localhost
P4$$w0rd,642@localhost
P4$$w0rd,643@localhost
P4$$w0rd,644@localhost
P4$$w0rd,645@localhost
P4$$w0rd,646@localhost
P4$$w0rd,647@localhost
P4$$w0rd,648@localhost
P4$$w0rd,649@localhost
P4$$w0rd,650@localhost
P4$$w0rd,651@localhost
P4$$w0rd,652@localhost
P4$$w0rd,653@localhost
P4$$w0rd,654@localhost
P4$$w0rd,655@localhost
P4$$w0rd,656@localhost
P4$$w0rd,657@localhost
P4$$w0rd,658@localhost
P4$$w0rd,659@localhost
P4$$w0rd,660@localhost
P4$$w0rd,661@localhost
P4$$w0rd,662@localhost
P4$$w0rd,663@localhost
P4$$w0rd,664@localhost
P4$$w0rd,665@localhost
P4$$w0rd,666@localhost
P4$$w0rd,667@localhost
P4$$w0rd,668@localhost
P4$$w0rd,669@localhost
P4$$w0rd,670@localhost
P4$$w0rd,671@localhost
P4$$w0rd,672@localhost
P4$$w0rd,673@localhost
P4$$w0rd,674@localhost
P4$$w0rd,675@localhost
P4$$w0rd,676@localhost
P4$$w0rd,677@localhost
P4$$w0rd,678@localhost
P4$$w0rd,679@localhost
P4$$w0rd,680@localhost
P4$$w0rd,681@localhost
P4$$w0rd,682@localhost
P4$$w0rd,683@localhost
P4$$w0rd,684@localhost
P4$$w0rd,685@localhost
P4$$w0rd,686@localhost
P4$$w0rd,687@localhost
P4$$w0rd,688@localhost
P4$$w0rd,689@localhost
P4$$w0rd,690@localhost
P4$$w0rd,691@localhost
P4$$w0rd,692@localhost
P4$$w0rd,693@localhost
P4$$w0rd,694@localhost
P4$$w0rd,695@localhost
P4$$w0rd,696@localhost
P4$$w0rd,697@localhost
P4$$w0rd,698@localhost
P4$$w0rd,699@localhost
P4$$w0rd,700@localhost
P4$$w0rd,701@localhost
P4$$w0rd,702@localhost
P4$$w0rd,703@localhost
P4$$w0rd,704@localhost
P4$$w0rd,705@localhost
P4$$w0rd,706@localhost
P4$$w0rd,707@localhost
P4$$w0rd,708@localhost
P4$$w0rd,709@localhost
P4$$w0rd,710@localhost
P4$$w0rd,711@localhost
P4$$w0rd,712@localhost
P4$$w0rd,713@localhost
P4$$w0rd,714@localhost
P4$$w0rd,715@localhost
P4$$w0rd,716@localhost
P4$$w0rd,717@localhost
P4$$w0rd,718@localhost
P4$$w0rd,719@localhost
P4$$w0rd,720@localhost
P4$$w0rd,721@localhost
P4$$w0rd,722@localhost
P4$$w0rd,723@localhost
P4$$w0rd,724@localhost
P4$$w0rd,725@localhost
P4$$w0rd,726@localhost
P4$$w0rd,727@localhost
P4$$w0rd,728@localhost
P4$$w0rd,729@localhost
P4$$w0rd,730@localhost
P4$$w0rd,731@localhost
P4$$w0rd,732@localhost
P4$$w0rd,733@localhost
P4$$w0rd,734@localhost
P4$$w0rd,735@localhost
P4$$w0rd,736@localhost
P4$$w0rd,737@localhost
P4$$w0rd,738@localhost
P4$$w0rd,739@localhost
P4$$w0rd,740@localhost
P4$$w0rd,741@localhost
P4$$w0rd,742@localhost
P4$$w0rd,743@localhost
P4$$w0rd,744@localhost
P4$$w0rd,745@localhost
P4$$w0rd,746@localhost
P4$$w0rd,747@localhost
P4$$w0rd,748@localhost
P4$$w0rd,749@localhost
P4$$w0rd,750@localhost
P4$$w0rd,751@localhost
P4$$w0rd,752@localhost
P4$$w0rd,753@localhost
P4$$w0rd,754@localhost
P4$$w0rd,755@localhost
P4$$w0rd,756@localhost
P4$$w0rd,757@localhost
P4$$w0rd,758@localhost
P4$$w0rd,759@localhost
P4$$w0rd,760@localhost
P4$$w0rd,761@localhost
P4$$w0rd,762@localhost
P4$$w0rd,763@localhost
P4$$w0rd,764@localhost
P4$$w0rd,765@localhost
P4$$w0rd,766@localhost
P4$$w0rd,767@localhost
P4$$w0rd,768@localhost
P4$$w0rd,769@localhost
P4$$w0rd,770@localhost
P4$$w0rd,771@localhost
P4$$w0rd,772@localhost
P4$$w0rd,773@localhost
P4$$w0rd,774@localhost
P4$$w0rd,775@localhost
P4$$w0rd,776@localhost
P4$$w0rd,777@localhost
P4$$w0rd,778@localhost
P4$$w0rd,779@localhost
P4$$w0rd,780@localhost
P4$$w0rd,781@localhost
P4$$w0rd,782@localhost
P4$$w0rd,783@localhost
P4$$w0rd,784@localhost
P4$$w0rd,785@localhost
P4$$w0rd,786@localhost
P4$$w0rd,787@localhost
P4$$w0rd,788@localhost
P4$$w0rd,789@localhost
P4$$w0rd,790@localhost
P4$$w0rd,791@localhost
P4$$w0rd,792@localhost
P4$$w0rd,793@localhost
P4$$w0rd,794@localhost
P4$$w0rd,795@localhost
P4$$w0rd,796@localhost
P4$$w0rd,797@localhost
P4$$w0rd,798@localhost
P4$$w0rd,799@localhost
P4$$w0rd,800@localhost
P4$$w0rd,801@localhost
P4$$w0rd,802@localhost
P4$$w0rd,803@localhost
P4$$w0rd,804@localhost
P4$$w0rd,805@localhost
P4$$w0rd,806@localhost
P4$$w0rd,807@localhost
P4$$w0rd,808@localhost
P4$$w0rd,809@localhost
P4$$w0rd,810@localhost
P4$$w0rd,811@localhost
P4$$w0rd,812@localhost
P4$$w0rd,813@localhost
P4$$w0rd,814@localhost
P4$$w0rd,815@localhost
P4$$w0rd,816@localhost
P4$$w0rd,817@localhost
P4$$w0rd,818@localhost
P4$$w0rd,819@localhost
P4$$w0rd,820@localhost
P4$$w0rd,821@localhost
P4$$w0rd,822@localhost
P4$$w0rd,823@localhost
P4$$w0rd,824@localhost
P4$$w0rd,825@localhost
P4$$w0rd,826@localhost
P4$$w0rd,827@localhost
P4$$w0rd,828@localhost
P4$$w0rd,829@localhost
P4$$w0rd,830@localhost
P4$$w0rd,831@localhost
P4$$w0rd,832@localhost
P4$$w0rd,833@localhost
P4$$w0rd,834@localhost
P4$$w0rd,835@localhost
P4$$w0rd,836@localhost
P4$$w0rd,837@localhost
P4$$w0rd,838@localhost
P4$$w0rd,839@localhost
P4$$w0rd,840@localhost
P4$$w0rd,841@localhost
P4$$w0rd,842@localhost
P4$$w0rd,843@localhost
P4$$w0rd,844@localhost
P4$$w0rd,845@localhost
P4$$w0rd,846@localhost
P4$$w0rd,847@localhost
P4$$w0rd,848@localhost
P4$$w0rd,849@localhost
P4$$w0rd,850@localhost
P4$$w0rd,851@localhost
P4$$w0rd,852@localhost
P4$$w0rd,853@localhost
P4$$w0rd,854@localhost
P4$$w0rd,855@localhost
P4$$w0rd,856@localhost
P4$$w0rd,857@localhost
P4$$w0rd,858@localhost
P4$$w0rd,859@localhost
P4$$w0rd,860@localhost
P4$$w0rd,861@localhost
P4$$w0rd,862@localhost
P4$$w0rd,863@localhost
P4$$w0rd,864@localhost
P4$$w0rd,865@localhost
P4$$w0rd,866@localhost
P4$$w0rd,867@localhost
P4$$w0rd,868@localhost
P4$$w0rd,869@localhost
P4$$w0rd,870@localhost
P4$$w0rd,871@localhost
P4$$w0rd,872@localhost
P4$$w0rd,873@localhost
P4$$w0rd,874@localhost
P4$$w0rd,875@localhost
P4$$w0rd,876@localhost
P4$$w0rd,877@localhost
P4$$w0rd,878@localhost
P4$$w0rd,879@localhost
P4$$w0rd,880@localhost
P4$$w0rd,881@localhost
P4$$w0rd,882@localhost
P4$$w0rd,883@localhost
P4$$w0rd,884@localhost
P4$$w0rd,885@localhost
P4$$w0rd,886@localhost
P4$$w0rd,887@localhost
P4$$w0rd,888@localhost
P4$$w0rd,889@localhost
P4$$w0rd,890@localhost
P4$$w0rd,891@localhost
P4$$w0rd,892@localhost
P4$$w0rd,893@localhost
P4$$w0rd,894@localhost
P4$$w0rd,895@localhost
P4$$w0rd,896@localhost
P4$$w0rd,897@localhost
P4$$w0rd,898@localhost
P4$$w0rd,899@localhost
P4$$w0rd,900@localhost
P4$$w0rd,901@localhost
P4$$w0rd,902@localhost
P4$$w0rd,903@localhost
P4$$w0rd,904@localhost
P4$$w0rd,905@localhost
P4$$w0rd,906@localhost
P4$$w0rd,907@localhost
P4$$w0rd,908@localhost
P4$$w0rd,909@localhost
P4$$w0rd,910@localhost
P4$$w0rd,911@localhost
P4$$w0rd,912@localhost
P4$$w0rd,913@localhost
P4$$w0rd,914@localhost
P4$$w0rd,915@localhost
P4$$w0rd,916@localhost
P4$$w0rd,917@localhost
P4$$w0rd,918@localhost
P4$$w0rd,919@localhost
P4$$w0rd,920@localhost
P4$$w0rd,921@localhost
P4$$w0rd,922@localhost
P4$$w0rd,923@localhost
P4$$w0rd,924@localhost
P4$$w0rd,925@localhost
P4$$w0rd,926@localhost
P4$$w0rd,927@localhost
P4$$w0rd,928@localhost
P4$$w0rd,929@localhost
P4$$w0rd,930@localhost
P4$$w0rd,931@localhost
P4$$w0rd,932@localhost
P4$$w0rd,933@localhost
P4$$w0rd,934@localhost
P4$$w0rd,935@localhost
P4$$w0rd,936@localhost
P4$$w0rd,937@localhost
P4$$w0rd,938@localhost
P4$$w0rd,939@localhost
P4$$w0rd,940@localhost
P4$$w0rd,941@localhost
P4$$w0rd,942@localhost
P4$$w0rd,943@localhost
P4$$w0rd,944@localhost
P4$$w0rd,945@localhost
P4$$w0rd,946@localhost
P4$$w0rd,947@localhost
P4$$w0rd,948@localhost
P4$$w0rd,949@localhost
P4$$w0rd,950@localhost
P4$$w0rd,951@localhost
P4$$w0rd,952@localhost
P4$$w0rd,953@localhost
P4$$w0rd,954@localhost
P4$$w0rd,955@localhost
P4$$w0rd,956@localhost
P4$$w0rd,957@localhost
P4$$w0rd,958@localhost
P4$$w0rd,959@localhost
P4$$w0rd,960@localhost
P4$$w0rd,961@localhost
P4$$w0rd,962@localhost
P4$$w0rd,963@localhost
P4$$w0rd,964@localhost
P4$$w0rd,965@localhost
P4$$w0rd,966@localhost
P4$$w0rd,967@localhost
P4$$w0rd,968@localhost
P4$$w0rd,969@localhost
P4$$w0rd,970@localhost
P4$$w0rd,971@localhost
P4$$w0rd,972@localhost
P4$$w0rd,973@localhost
P4$$w0rd,974@localhost
P4$$w0rd,975@localhost
P4$$w0rd,976@localhost
P4$$w0rd,977@localhost
P4$$w0rd,978@localhost
P4$$w0rd,979@localhost
P4$$w0rd,980@localhost
P4$$w0rd,981@localhost
P4$$w0rd,982@localhost
P4$$w0rd,983@localhost
P4$$w0rd,984@localhost
P4$$w0rd,985@localhost
P4$$w0rd,986@localhost
P4$$w0rd,987@localhost
P4$$w0rd,988@localhost
P4$$w0rd,989@localhost
P4$$w0rd,990@localhost
P4$$w0rd,991@localhost
P4$$w0rd,992@localhost
P4$$w0rd,993@localhost
P4$$w0rd,994@localhost
P4$$w0rd,995@localhost
P4$$w0rd,996@localhost
P4$$w0rd,997@localhost
P4$$w0rd,998@localhost
P4$$w0rd,999@localhost
