"id","password","email","enabled"
1,$2a$10$Vd1nx.MqKrkNsCZI9oN.1ulHJPw.MbRYSRZsb/XkyYck92uYin2ae,1@localhost,true
2,$2a$10$Vd1nx.MqKrkNsCZI9oN.1ulHJPw.MbRYSRZsb/XkyYck92uYin2ae,2@localhost,true
3,$2a$10$Vd1nx.MqKrkNsCZI9oN.1ulHJPw.MbRYSRZsb/XkyYck92uYin2ae,3@localhost,true
4,$2a$10$Vd1nx.MqKrkNsCZI9oN.1ulHJPw.MbRYSRZsb/XkyYck92uYin2ae,4@localhost,true
5,$2a$10$Vd1nx.MqKrkNsCZI9oN.1ulHJPw.MbRYSRZsb/XkyYck92uYin2ae,5@localhost,true
6,$2a$10$Vd1nx.MqKrkNsCZI9oN.1ulHJPw.MbRYSRZsb/XkyYck92uYin2ae,6@localhost,true
7,$2a$10$Vd1nx.MqKrkNsCZI9oN.1ulHJPw.MbRYSRZsb/XkyYck92uYin2ae,7@localhost,true
8,$2a$10$Vd1nx.MqKrkNsCZI9oN.1ulHJPw.MbRYSRZsb/XkyYck92uYin2ae,8@localhost,true
9,$2a$10$Vd1nx.MqKrkNsCZI9oN.1ulHJPw.MbRYSRZsb/XkyYck92uYin2ae,9@localhost,true
10,$2a$10$Vd1nx.MqKrkNsCZI9oN.1ulHJPw.MbRYSRZsb/XkyYck92uYin2ae,10@localhost,true
11,$2a$10$Vd1nx.MqKrkNsCZI9oN.1ulHJPw.MbRYSRZsb/XkyYck92uYin2ae,11@localhost,true
12,$2a$10$Vd1nx.MqKrkNsCZI9oN.1ulHJPw.MbRYSRZsb/XkyYck92uYin2ae,12@localhost,true
13,$2a$10$Vd1nx.MqKrkNsCZI9oN.1ulHJPw.MbRYSRZsb/XkyYck92uYin2ae,13@localhost,true
14,$2a$10$Vd1nx.MqKrkNsCZI9oN.1ulHJPw.MbRYSRZsb/XkyYck92uYin2ae,14@localhost,true
15,$2a$10$Vd1nx.MqKrkNsCZI9oN.1ulHJPw.MbRYSRZsb/XkyYck92uYin2ae,15@localhost,true
16,$2a$10$Vd1nx.MqKrkNsCZI9oN.1ulHJPw.MbRYSRZsb/XkyYck92uYin2ae,16@localhost,true
17,$2a$10$Vd1nx.MqKrkNsCZI9oN.1ulHJPw.MbRYSRZsb/XkyYck92uYin2ae,17@localhost,true
18,$2a$10$Vd1nx.MqKrkNsCZI9oN.1ulHJPw.MbRYSRZsb/XkyYck92uYin2ae,18@localhost,true
19,$2a$10$Vd1nx.MqKrkNsCZI9oN.1ulHJPw.MbRYSRZsb/XkyYck92uYin2ae,19@localhost,true
20,$2a$10$Vd1nx.MqKrkNsCZI9oN.1ulHJPw.MbRYSRZsb/XkyYck92uYin2ae,20@localhost,true
21,$2a$10$Vd1nx.MqKrkNsCZI9oN.1ulHJPw.MbRYSRZsb/XkyYck92uYin2ae,21@localhost,true
22,$2a$10$Vd1nx.MqKrkNsCZI9oN.1ulHJPw.MbRYSRZsb/XkyYck92uYin2ae,22@localhost,true
23,$2a$10$Vd1nx.MqKrkNsCZI9oN.1ulHJPw.MbRYSRZsb/XkyYck92uYin2ae,23@localhost,true
24,$2a$10$Vd1nx.MqKrkNsCZI9oN.1ulHJPw.MbRYSRZsb/XkyYck92uYin2ae,24@localhost,true
25,$2a$10$Vd1nx.MqKrkNsCZI9oN.1ulHJPw.MbRYSRZsb/XkyYck92uYin2ae,25@localhost,true
26,$2a$10$Vd1nx.MqKrkNsCZI9oN.1ulHJPw.MbRYSRZsb/XkyYck92uYin2ae,26@localhost,true
27,$2a$10$Vd1nx.MqKrkNsCZI9oN.1ulHJPw.MbRYSRZsb/XkyYck92uYin2ae,27@localhost,true
28,$2a$10$Vd1nx.MqKrkNsCZI9oN.1ulHJPw.MbRYSRZsb/XkyYck92uYin2ae,28@localhost,true
29,$2a$10$Vd1nx.MqKrkNsCZI9oN.1ulHJPw.MbRYSRZsb/XkyYck92uYin2ae,29@localhost,true
30,$2a$10$Vd1nx.MqKrkNsCZI9oN.1ulHJPw.MbRYSRZsb/XkyYck92uYin2ae,30@localhost,true
31,$2a$10$Vd1nx.MqKrkNsCZI9oN.1ulHJPw.MbRYSRZsb/XkyYck92uYin2ae,31@localhost,true
32,$2a$10$Vd1nx.MqKrkNsCZI9oN.1ulHJPw.MbRYSRZsb/XkyYck92uYin2ae,32@localhost,true
33,$2a$10$Vd1nx.MqKrkNsCZI9oN.1ulHJPw.MbRYSRZsb/XkyYck92uYin2ae,33@localhost,true
34,$2a$10$Vd1nx.MqKrkNsCZI9oN.1ulHJPw.MbRYSRZsb/XkyYck92uYin2ae,34@localhost,true
35,$2a$10$Vd1nx.MqKrkNsCZI9oN.1ulHJPw.MbRYSRZsb/XkyYck92uYin2ae,35@localhost,true
36,$2a$10$Vd1nx.MqKrkNsCZI9oN.1ulHJPw.MbRYSRZsb/XkyYck92uYin2ae,36@localhost,true
37,$2a$10$Vd1nx.MqKrkNsCZI9oN.1ulHJPw.MbRYSRZsb/XkyYck92uYin2ae,37@localhost,true
38,$2a$10$Vd1nx.MqKrkNsCZI9oN.1ulHJPw.MbRYSRZsb/XkyYck92uYin2ae,38@localhost,true
39,$2a$10$Vd1nx.MqKrkNsCZI9oN.1ulHJPw.MbRYSRZsb/XkyYck92uYin2ae,39@localhost,true
40,$2a$10$Vd1nx.MqKrkNsCZI9oN.1ulHJPw.MbRYSRZsb/XkyYck92uYin2ae,40@localhost,true
41,$2a$10$Vd1nx.MqKrkNsCZI9oN.1ulHJPw.MbRYSRZsb/XkyYck92uYin2ae,41@localhost,true
42,$2a$10$Vd1nx.MqKrkNsCZI9oN.1ulHJPw.MbRYSRZsb/XkyYck92uYin2ae,42@localhost,true
43,$2a$10$Vd1nx.MqKrkNsCZI9oN.1ulHJPw.MbRYSRZsb/XkyYck92uYin2ae,43@localhost,true
44,$2a$10$Vd1nx.MqKrkNsCZI9oN.1ulHJPw.MbRYSRZsb/XkyYck92uYin2ae,44@localhost,true
45,$2a$10$Vd1nx.MqKrkNsCZI9oN.1ulHJPw.MbRYSRZsb/XkyYck92uYin2ae,45@localhost,true
46,$2a$10$Vd1nx.MqKrkNsCZI9oN.1ulHJPw.MbRYSRZsb/XkyYck92uYin2ae,46@localhost,true
47,$2a$10$Vd1nx.MqKrkNsCZI9oN.1ulHJPw.MbRYSRZsb/XkyYck92uYin2ae,47@localhost,true
48,$2a$10$Vd1nx.MqKrkNsCZI9oN.1ulHJPw.MbRYSRZsb/XkyYck92uYin2ae,48@localhost,true
49,$2a$10$Vd1nx.MqKrkNsCZI9oN.1ulHJPw.MbRYSRZsb/XkyYck92uYin2ae,49@localhost,true
50,$2a$10$Vd1nx.MqKrkNsCZI9oN.1ulHJPw.MbRYSRZsb/XkyYck92uYin2ae,50@localhost,true
51,$2a$10$Vd1nx.MqKrkNsCZI9oN.1ulHJPw.MbRYSRZsb/XkyYck92uYin2ae,51@localhost,true
52,$2a$10$Vd1nx.MqKrkNsCZI9oN.1ulHJPw.MbRYSRZsb/XkyYck92uYin2ae,52@localhost,true
53,$2a$10$Vd1nx.MqKrkNsCZI9oN.1ulHJPw.MbRYSRZsb/XkyYck92uYin2ae,53@localhost,true
54,$2a$10$Vd1nx.MqKrkNsCZI9oN.1ulHJPw.MbRYSRZsb/XkyYck92uYin2ae,54@localhost,true
55,$2a$10$Vd1nx.MqKrkNsCZI9oN.1ulHJPw.MbRYSRZsb/XkyYck92uYin2ae,55@localhost,true
56,$2a$10$Vd1nx.MqKrkNsCZI9oN.1ulHJPw.MbRYSRZsb/XkyYck92uYin2ae,56@localhost,true
57,$2a$10$Vd1nx.MqKrkNsCZI9oN.1ulHJPw.MbRYSRZsb/XkyYck92uYin2ae,57@localhost,true
58,$2a$10$Vd1nx.MqKrkNsCZI9oN.1ulHJPw.MbRYSRZsb/XkyYck92uYin2ae,58@localhost,true
59,$2a$10$Vd1nx.MqKrkNsCZI9oN.1ulHJPw.MbRYSRZsb/XkyYck92uYin2ae,59@localhost,true
60,$2a$10$Vd1nx.MqKrkNsCZI9oN.1ulHJPw.MbRYSRZsb/XkyYck92uYin2ae,60@localhost,true
61,$2a$10$Vd1nx.MqKrkNsCZI9oN.1ulHJPw.MbRYSRZsb/XkyYck92uYin2ae,61@localhost,true
62,$2a$10$Vd1nx.MqKrkNsCZI9oN.1ulHJPw.MbRYSRZsb/XkyYck92uYin2ae,62@localhost,true
63,$2a$10$Vd1nx.MqKrkNsCZI9oN.1ulHJPw.MbRYSRZsb/XkyYck92uYin2ae,63@localhost,true
64,$2a$10$Vd1nx.MqKrkNsCZI9oN.1ulHJPw.MbRYSRZsb/XkyYck92uYin2ae,64@localhost,true
65,$2a$10$Vd1nx.MqKrkNsCZI9oN.1ulHJPw.MbRYSRZsb/XkyYck92uYin2ae,65@localhost,true
66,$2a$10$Vd1nx.MqKrkNsCZI9oN.1ulHJPw.MbRYSRZsb/XkyYck92uYin2ae,66@localhost,true
67,$2a$10$Vd1nx.MqKrkNsCZI9oN.1ulHJPw.MbRYSRZsb/XkyYck92uYin2ae,67@localhost,true
68,$2a$10$Vd1nx.MqKrkNsCZI9oN.1ulHJPw.MbRYSRZsb/XkyYck92uYin2ae,68@localhost,true
69,$2a$10$Vd1nx.MqKrkNsCZI9oN.1ulHJPw.MbRYSRZsb/XkyYck92uYin2ae,69@localhost,true
70,$2a$10$Vd1nx.MqKrkNsCZI9oN.1ulHJPw.MbRYSRZsb/XkyYck92uYin2ae,70@localhost,true
71,$2a$10$Vd1nx.MqKrkNsCZI9oN.1ulHJPw.MbRYSRZsb/XkyYck92uYin2ae,71@localhost,true
72,$2a$10$Vd1nx.MqKrkNsCZI9oN.1ulHJPw.MbRYSRZsb/XkyYck92uYin2ae,72@localhost,true
73,$2a$10$Vd1nx.MqKrkNsCZI9oN.1ulHJPw.MbRYSRZsb/XkyYck92uYin2ae,73@localhost,true
74,$2a$10$Vd1nx.MqKrkNsCZI9oN.1ulHJPw.MbRYSRZsb/XkyYck92uYin2ae,74@localhost,true
75,$2a$10$Vd1nx.MqKrkNsCZI9oN.1ulHJPw.MbRYSRZsb/XkyYck92uYin2ae,75@localhost,true
76,$2a$10$Vd1nx.MqKrkNsCZI9oN.1ulHJPw.MbRYSRZsb/XkyYck92uYin2ae,76@localhost,true
77,$2a$10$Vd1nx.MqKrkNsCZI9oN.1ulHJPw.MbRYSRZsb/XkyYck92uYin2ae,77@localhost,true
78,$2a$10$Vd1nx.MqKrkNsCZI9oN.1ulHJPw.MbRYSRZsb/XkyYck92uYin2ae,78@localhost,true
79,$2a$10$Vd1nx.MqKrkNsCZI9oN.1ulHJPw.MbRYSRZsb/XkyYck92uYin2ae,79@localhost,true
80,$2a$10$Vd1nx.MqKrkNsCZI9oN.1ulHJPw.MbRYSRZsb/XkyYck92uYin2ae,80@localhost,true
81,$2a$10$Vd1nx.MqKrkNsCZI9oN.1ulHJPw.MbRYSRZsb/XkyYck92uYin2ae,81@localhost,true
82,$2a$10$Vd1nx.MqKrkNsCZI9oN.1ulHJPw.MbRYSRZsb/XkyYck92uYin2ae,82@localhost,true
83,$2a$10$Vd1nx.MqKrkNsCZI9oN.1ulHJPw.MbRYSRZsb/XkyYck92uYin2ae,83@localhost,true
84,$2a$10$Vd1nx.MqKrkNsCZI9oN.1ulHJPw.MbRYSRZsb/XkyYck92uYin2ae,84@localhost,true
85,$2a$10$Vd1nx.MqKrkNsCZI9oN.1ulHJPw.MbRYSRZsb/XkyYck92uYin2ae,85@localhost,true
86,$2a$10$Vd1nx.MqKrkNsCZI9oN.1ulHJPw.MbRYSRZsb/XkyYck92uYin2ae,86@localhost,true
87,$2a$10$Vd1nx.MqKrkNsCZI9oN.1ulHJPw.MbRYSRZsb/XkyYck92uYin2ae,87@localhost,true
88,$2a$10$Vd1nx.MqKrkNsCZI9oN.1ulHJPw.MbRYSRZsb/XkyYck92uYin2ae,88@localhost,true
89,$2a$10$Vd1nx.MqKrkNsCZI9oN.1ulHJPw.MbRYSRZsb/XkyYck92uYin2ae,89@localhost,true
90,$2a$10$Vd1nx.MqKrkNsCZI9oN.1ulHJPw.MbRYSRZsb/XkyYck92uYin2ae,90@localhost,true
91,$2a$10$Vd1nx.MqKrkNsCZI9oN.1ulHJPw.MbRYSRZsb/XkyYck92uYin2ae,91@localhost,true
92,$2a$10$Vd1nx.MqKrkNsCZI9oN.1ulHJPw.MbRYSRZsb/XkyYck92uYin2ae,92@localhost,true
93,$2a$10$Vd1nx.MqKrkNsCZI9oN.1ulHJPw.MbRYSRZsb/XkyYck92uYin2ae,93@localhost,true
94,$2a$10$Vd1nx.MqKrkNsCZI9oN.1ulHJPw.MbRYSRZsb/XkyYck92uYin2ae,94@localhost,true
95,$2a$10$Vd1nx.MqKrkNsCZI9oN.1ulHJPw.MbRYSRZsb/XkyYck92uYin2ae,95@localhost,true
96,$2a$10$Vd1nx.MqKrkNsCZI9oN.1ulHJPw.MbRYSRZsb/XkyYck92uYin2ae,96@localhost,true
97,$2a$10$Vd1nx.MqKrkNsCZI9oN.1ulHJPw.MbRYSRZsb/XkyYck92uYin2ae,97@localhost,true
98,$2a$10$Vd1nx.MqKrkNsCZI9oN.1ulHJPw.MbRYSRZsb/XkyYck92uYin2ae,98@localhost,true
99,$2a$10$Vd1nx.MqKrkNsCZI9oN.1ulHJPw.MbRYSRZsb/XkyYck92uYin2ae,99@localhost,true
100,$2a$10$Vd1nx.MqKrkNsCZI9oN.1ulHJPw.MbRYSRZsb/XkyYck92uYin2ae,100@localhost,true
101,$2a$10$Vd1nx.MqKrkNsCZI9oN.1ulHJPw.MbRYSRZsb/XkyYck92uYin2ae,101@localhost,true
102,$2a$10$Vd1nx.MqKrkNsCZI9oN.1ulHJPw.MbRYSRZsb/XkyYck92uYin2ae,102@localhost,true
103,$2a$10$Vd1nx.MqKrkNsCZI9oN.1ulHJPw.MbRYSRZsb/XkyYck92uYin2ae,103@localhost,true
104,$2a$10$Vd1nx.MqKrkNsCZI9oN.1ulHJPw.MbRYSRZsb/XkyYck92uYin2ae,104@localhost,true
105,$2a$10$Vd1nx.MqKrkNsCZI9oN.1ulHJPw.MbRYSRZsb/XkyYck92uYin2ae,105@localhost,true
106,$2a$10$Vd1nx.MqKrkNsCZI9oN.1ulHJPw.MbRYSRZsb/XkyYck92uYin2ae,106@localhost,true
107,$2a$10$Vd1nx.MqKrkNsCZI9oN.1ulHJPw.MbRYSRZsb/XkyYck92uYin2ae,107@localhost,true
108,$2a$10$Vd1nx.MqKrkNsCZI9oN.1ulHJPw.MbRYSRZsb/XkyYck92uYin2ae,108@localhost,true
109,$2a$10$Vd1nx.MqKrkNsCZI9oN.1ulHJPw.MbRYSRZsb/XkyYck92uYin2ae,109@localhost,true
110,$2a$10$Vd1nx.MqKrkNsCZI9oN.1ulHJPw.MbRYSRZsb/XkyYck92uYin2ae,110@localhost,true
111,$2a$10$Vd1nx.MqKrkNsCZI9oN.1ulHJPw.MbRYSRZsb/XkyYck92uYin2ae,111@localhost,true
112,$2a$10$Vd1nx.MqKrkNsCZI9oN.1ulHJPw.MbRYSRZsb/XkyYck92uYin2ae,112@localhost,true
113,$2a$10$Vd1nx.MqKrkNsCZI9oN.1ulHJPw.MbRYSRZsb/XkyYck92uYin2ae,113@localhost,true
114,$2a$10$Vd1nx.MqKrkNsCZI9oN.1ulHJPw.MbRYSRZsb/XkyYck92uYin2ae,114@localhost,true
115,$2a$10$Vd1nx.MqKrkNsCZI9oN.1ulHJPw.MbRYSRZsb/XkyYck92uYin2ae,115@localhost,true
116,$2a$10$Vd1nx.MqKrkNsCZI9oN.1ulHJPw.MbRYSRZsb/XkyYck92uYin2ae,116@localhost,true
117,$2a$10$Vd1nx.MqKrkNsCZI9oN.1ulHJPw.MbRYSRZsb/XkyYck92uYin2ae,117@localhost,true
118,$2a$10$Vd1nx.MqKrkNsCZI9oN.1ulHJPw.MbRYSRZsb/XkyYck92uYin2ae,118@localhost,true
119,$2a$10$Vd1nx.MqKrkNsCZI9oN.1ulHJPw.MbRYSRZsb/XkyYck92uYin2ae,119@localhost,true
120,$2a$10$Vd1nx.MqKrkNsCZI9oN.1ulHJPw.MbRYSRZsb/XkyYck92uYin2ae,120@localhost,true
121,$2a$10$Vd1nx.MqKrkNsCZI9oN.1ulHJPw.MbRYSRZsb/XkyYck92uYin2ae,121@localhost,true
122,$2a$10$Vd1nx.MqKrkNsCZI9oN.1ulHJPw.MbRYSRZsb/XkyYck92uYin2ae,122@localhost,true
123,$2a$10$Vd1nx.MqKrkNsCZI9oN.1ulHJPw.MbRYSRZsb/XkyYck92uYin2ae,123@localhost,true
124,$2a$10$Vd1nx.MqKrkNsCZI9oN.1ulHJPw.MbRYSRZsb/XkyYck92uYin2ae,124@localhost,true
125,$2a$10$Vd1nx.MqKrkNsCZI9oN.1ulHJPw.MbRYSRZsb/XkyYck92uYin2ae,125@localhost,true
126,$2a$10$Vd1nx.MqKrkNsCZI9oN.1ulHJPw.MbRYSRZsb/XkyYck92uYin2ae,126@localhost,true
127,$2a$10$Vd1nx.MqKrkNsCZI9oN.1ulHJPw.MbRYSRZsb/XkyYck92uYin2ae,127@localhost,true
128,$2a$10$Vd1nx.MqKrkNsCZI9oN.1ulHJPw.MbRYSRZsb/XkyYck92uYin2ae,128@localhost,true
129,$2a$10$Vd1nx.MqKrkNsCZI9oN.1ulHJPw.MbRYSRZsb/XkyYck92uYin2ae,129@localhost,true
130,$2a$10$Vd1nx.MqKrkNsCZI9oN.1ulHJPw.MbRYSRZsb/XkyYck92uYin2ae,130@localhost,true
131,$2a$10$Vd1nx.MqKrkNsCZI9oN.1ulHJPw.MbRYSRZsb/XkyYck92uYin2ae,131@localhost,true
132,$2a$10$Vd1nx.MqKrkNsCZI9oN.1ulHJPw.MbRYSRZsb/XkyYck92uYin2ae,132@localhost,true
133,$2a$10$Vd1nx.MqKrkNsCZI9oN.1ulHJPw.MbRYSRZsb/XkyYck92uYin2ae,133@localhost,true
134,$2a$10$Vd1nx.MqKrkNsCZI9oN.1ulHJPw.MbRYSRZsb/XkyYck92uYin2ae,134@localhost,true
135,$2a$10$Vd1nx.MqKrkNsCZI9oN.1ulHJPw.MbRYSRZsb/XkyYck92uYin2ae,135@localhost,true
136,$2a$10$Vd1nx.MqKrkNsCZI9oN.1ulHJPw.MbRYSRZsb/XkyYck92uYin2ae,136@localhost,true
137,$2a$10$Vd1nx.MqKrkNsCZI9oN.1ulHJPw.MbRYSRZsb/XkyYck92uYin2ae,137@localhost,true
138,$2a$10$Vd1nx.MqKrkNsCZI9oN.1ulHJPw.MbRYSRZsb/XkyYck92uYin2ae,138@localhost,true
139,$2a$10$Vd1nx.MqKrkNsCZI9oN.1ulHJPw.MbRYSRZsb/XkyYck92uYin2ae,139@localhost,true
140,$2a$10$Vd1nx.MqKrkNsCZI9oN.1ulHJPw.MbRYSRZsb/XkyYck92uYin2ae,140@localhost,true
141,$2a$10$Vd1nx.MqKrkNsCZI9oN.1ulHJPw.MbRYSRZsb/XkyYck92uYin2ae,141@localhost,true
142,$2a$10$Vd1nx.MqKrkNsCZI9oN.1ulHJPw.MbRYSRZsb/XkyYck92uYin2ae,142@localhost,true
143,$2a$10$Vd1nx.MqKrkNsCZI9oN.1ulHJPw.MbRYSRZsb/XkyYck92uYin2ae,143@localhost,true
144,$2a$10$Vd1nx.MqKrkNsCZI9oN.1ulHJPw.MbRYSRZsb/XkyYck92uYin2ae,144@localhost,true
145,$2a$10$Vd1nx.MqKrkNsCZI9oN.1ulHJPw.MbRYSRZsb/XkyYck92uYin2ae,145@localhost,true
146,$2a$10$Vd1nx.MqKrkNsCZI9oN.1ulHJPw.MbRYSRZsb/XkyYck92uYin2ae,146@localhost,true
147,$2a$10$Vd1nx.MqKrkNsCZI9oN.1ulHJPw.MbRYSRZsb/XkyYck92uYin2ae,147@localhost,true
148,$2a$10$Vd1nx.MqKrkNsCZI9oN.1ulHJPw.MbRYSRZsb/XkyYck92uYin2ae,148@localhost,true
149,$2a$10$Vd1nx.MqKrkNsCZI9oN.1ulHJPw.MbRYSRZsb/XkyYck92uYin2ae,149@localhost,true
150,$2a$10$Vd1nx.MqKrkNsCZI9oN.1ulHJPw.MbRYSRZsb/XkyYck92uYin2ae,150@localhost,true
151,$2a$10$Vd1nx.MqKrkNsCZI9oN.1ulHJPw.MbRYSRZsb/XkyYck92uYin2ae,151@localhost,true
152,$2a$10$Vd1nx.MqKrkNsCZI9oN.1ulHJPw.MbRYSRZsb/XkyYck92uYin2ae,152@localhost,true
153,$2a$10$Vd1nx.MqKrkNsCZI9oN.1ulHJPw.MbRYSRZsb/XkyYck92uYin2ae,153@localhost,true
154,$2a$10$Vd1nx.MqKrkNsCZI9oN.1ulHJPw.MbRYSRZsb/XkyYck92uYin2ae,154@localhost,true
155,$2a$10$Vd1nx.MqKrkNsCZI9oN.1ulHJPw.MbRYSRZsb/XkyYck92uYin2ae,155@localhost,true
156,$2a$10$Vd1nx.MqKrkNsCZI9oN.1ulHJPw.MbRYSRZsb/XkyYck92uYin2ae,156@localhost,true
157,$2a$10$Vd1nx.MqKrkNsCZI9oN.1ulHJPw.MbRYSRZsb/XkyYck92uYin2ae,157@localhost,true
158,$2a$10$Vd1nx.MqKrkNsCZI9oN.1ulHJPw.MbRYSRZsb/XkyYck92uYin2ae,158@localhost,true
159,$2a$10$Vd1nx.MqKrkNsCZI9oN.1ulHJPw.MbRYSRZsb/XkyYck92uYin2ae,159@localhost,true
160,$2a$10$Vd1nx.MqKrkNsCZI9oN.1ulHJPw.MbRYSRZsb/XkyYck92uYin2ae,160@localhost,true
161,$2a$10$Vd1nx.MqKrkNsCZI9oN.1ulHJPw.MbRYSRZsb/XkyYck92uYin2ae,161@localhost,true
162,$2a$10$Vd1nx.MqKrkNsCZI9oN.1ulHJPw.MbRYSRZsb/XkyYck92uYin2ae,162@localhost,true
163,$2a$10$Vd1nx.MqKrkNsCZI9oN.1ulHJPw.MbRYSRZsb/XkyYck92uYin2ae,163@localhost,true
164,$2a$10$Vd1nx.MqKrkNsCZI9oN.1ulHJPw.MbRYSRZsb/XkyYck92uYin2ae,164@localhost,true
165,$2a$10$Vd1nx.MqKrkNsCZI9oN.1ulHJPw.MbRYSRZsb/XkyYck92uYin2ae,165@localhost,true
166,$2a$10$Vd1nx.MqKrkNsCZI9oN.1ulHJPw.MbRYSRZsb/XkyYck92uYin2ae,166@localhost,true
167,$2a$10$Vd1nx.MqKrkNsCZI9oN.1ulHJPw.MbRYSRZsb/XkyYck92uYin2ae,167@localhost,true
168,$2a$10$Vd1nx.MqKrkNsCZI9oN.1ulHJPw.MbRYSRZsb/XkyYck92uYin2ae,168@localhost,true
169,$2a$10$Vd1nx.MqKrkNsCZI9oN.1ulHJPw.MbRYSRZsb/XkyYck92uYin2ae,169@localhost,true
170,$2a$10$Vd1nx.MqKrkNsCZI9oN.1ulHJPw.MbRYSRZsb/XkyYck92uYin2ae,170@localhost,true
171,$2a$10$Vd1nx.MqKrkNsCZI9oN.1ulHJPw.MbRYSRZsb/XkyYck92uYin2ae,171@localhost,true
172,$2a$10$Vd1nx.MqKrkNsCZI9oN.1ulHJPw.MbRYSRZsb/XkyYck92uYin2ae,172@localhost,true
173,$2a$10$Vd1nx.MqKrkNsCZI9oN.1ulHJPw.MbRYSRZsb/XkyYck92uYin2ae,173@localhost,true
174,$2a$10$Vd1nx.MqKrkNsCZI9oN.1ulHJPw.MbRYSRZsb/XkyYck92uYin2ae,174@localhost,true
175,$2a$10$Vd1nx.MqKrkNsCZI9oN.1ulHJPw.MbRYSRZsb/XkyYck92uYin2ae,175@localhost,true
176,$2a$10$Vd1nx.MqKrkNsCZI9oN.1ulHJPw.MbRYSRZsb/XkyYck92uYin2ae,176@localhost,true
177,$2a$10$Vd1nx.MqKrkNsCZI9oN.1ulHJPw.MbRYSRZsb/XkyYck92uYin2ae,177@localhost,true
178,$2a$10$Vd1nx.MqKrkNsCZI9oN.1ulHJPw.MbRYSRZsb/XkyYck92uYin2ae,178@localhost,true
179,$2a$10$Vd1nx.MqKrkNsCZI9oN.1ulHJPw.MbRYSRZsb/XkyYck92uYin2ae,179@localhost,true
180,$2a$10$Vd1nx.MqKrkNsCZI9oN.1ulHJPw.MbRYSRZsb/XkyYck92uYin2ae,180@localhost,true
181,$2a$10$Vd1nx.MqKrkNsCZI9oN.1ulHJPw.MbRYSRZsb/XkyYck92uYin2ae,181@localhost,true
182,$2a$10$Vd1nx.MqKrkNsCZI9oN.1ulHJPw.MbRYSRZsb/XkyYck92uYin2ae,182@localhost,true
183,$2a$10$Vd1nx.MqKrkNsCZI9oN.1ulHJPw.MbRYSRZsb/XkyYck92uYin2ae,183@localhost,true
184,$2a$10$Vd1nx.MqKrkNsCZI9oN.1ulHJPw.MbRYSRZsb/XkyYck92uYin2ae,184@localhost,true
185,$2a$10$Vd1nx.MqKrkNsCZI9oN.1ulHJPw.MbRYSRZsb/XkyYck92uYin2ae,185@localhost,true
186,$2a$10$Vd1nx.MqKrkNsCZI9oN.1ulHJPw.MbRYSRZsb/XkyYck92uYin2ae,186@localhost,true
187,$2a$10$Vd1nx.MqKrkNsCZI9oN.1ulHJPw.MbRYSRZsb/XkyYck92uYin2ae,187@localhost,true
188,$2a$10$Vd1nx.MqKrkNsCZI9oN.1ulHJPw.MbRYSRZsb/XkyYck92uYin2ae,188@localhost,true
189,$2a$10$Vd1nx.MqKrkNsCZI9oN.1ulHJPw.MbRYSRZsb/XkyYck92uYin2ae,189@localhost,true
190,$2a$10$Vd1nx.MqKrkNsCZI9oN.1ulHJPw.MbRYSRZsb/XkyYck92uYin2ae,190@localhost,true
191,$2a$10$Vd1nx.MqKrkNsCZI9oN.1ulHJPw.MbRYSRZsb/XkyYck92uYin2ae,191@localhost,true
192,$2a$10$Vd1nx.MqKrkNsCZI9oN.1ulHJPw.MbRYSRZsb/XkyYck92uYin2ae,192@localhost,true
193,$2a$10$Vd1nx.MqKrkNsCZI9oN.1ulHJPw.MbRYSRZsb/XkyYck92uYin2ae,193@localhost,true
194,$2a$10$Vd1nx.MqKrkNsCZI9oN.1ulHJPw.MbRYSRZsb/XkyYck92uYin2ae,194@localhost,true
195,$2a$10$Vd1nx.MqKrkNsCZI9oN.1ulHJPw.MbRYSRZsb/XkyYck92uYin2ae,195@localhost,true
196,$2a$10$Vd1nx.MqKrkNsCZI9oN.1ulHJPw.MbRYSRZsb/XkyYck92uYin2ae,196@localhost,true
197,$2a$10$Vd1nx.MqKrkNsCZI9oN.1ulHJPw.MbRYSRZsb/XkyYck92uYin2ae,197@localhost,true
198,$2a$10$Vd1nx.MqKrkNsCZI9oN.1ulHJPw.MbRYSRZsb/XkyYck92uYin2ae,198@localhost,true
199,$2a$10$Vd1nx.MqKrkNsCZI9oN.1ulHJPw.MbRYSRZsb/XkyYck92uYin2ae,199@localhost,true
200,$2a$10$Vd1nx.MqKrkNsCZI9oN.1ulHJPw.MbRYSRZsb/XkyYck92uYin2ae,200@localhost,true
201,$2a$10$Vd1nx.MqKrkNsCZI9oN.1ulHJPw.MbRYSRZsb/XkyYck92uYin2ae,201@localhost,true
202,$2a$10$Vd1nx.MqKrkNsCZI9oN.1ulHJPw.MbRYSRZsb/XkyYck92uYin2ae,202@localhost,true
203,$2a$10$Vd1nx.MqKrkNsCZI9oN.1ulHJPw.MbRYSRZsb/XkyYck92uYin2ae,203@localhost,true
204,$2a$10$Vd1nx.MqKrkNsCZI9oN.1ulHJPw.MbRYSRZsb/XkyYck92uYin2ae,204@localhost,true
205,$2a$10$Vd1nx.MqKrkNsCZI9oN.1ulHJPw.MbRYSRZsb/XkyYck92uYin2ae,205@localhost,true
206,$2a$10$Vd1nx.MqKrkNsCZI9oN.1ulHJPw.MbRYSRZsb/XkyYck92uYin2ae,206@localhost,true
207,$2a$10$Vd1nx.MqKrkNsCZI9oN.1ulHJPw.MbRYSRZsb/XkyYck92uYin2ae,207@localhost,true
208,$2a$10$Vd1nx.MqKrkNsCZI9oN.1ulHJPw.MbRYSRZsb/XkyYck92uYin2ae,208@localhost,true
209,$2a$10$Vd1nx.MqKrkNsCZI9oN.1ulHJPw.MbRYSRZsb/XkyYck92uYin2ae,209@localhost,true
210,$2a$10$Vd1nx.MqKrkNsCZI9oN.1ulHJPw.MbRYSRZsb/XkyYck92uYin2ae,210@localhost,true
211,$2a$10$Vd1nx.MqKrkNsCZI9oN.1ulHJPw.MbRYSRZsb/XkyYck92uYin2ae,211@localhost,true
212,$2a$10$Vd1nx.MqKrkNsCZI9oN.1ulHJPw.MbRYSRZsb/XkyYck92uYin2ae,212@localhost,true
213,$2a$10$Vd1nx.MqKrkNsCZI9oN.1ulHJPw.MbRYSRZsb/XkyYck92uYin2ae,213@localhost,true
214,$2a$10$Vd1nx.MqKrkNsCZI9oN.1ulHJPw.MbRYSRZsb/XkyYck92uYin2ae,214@localhost,true
215,$2a$10$Vd1nx.MqKrkNsCZI9oN.1ulHJPw.MbRYSRZsb/XkyYck92uYin2ae,215@localhost,true
216,$2a$10$Vd1nx.MqKrkNsCZI9oN.1ulHJPw.MbRYSRZsb/XkyYck92uYin2ae,216@localhost,true
217,$2a$10$Vd1nx.MqKrkNsCZI9oN.1ulHJPw.MbRYSRZsb/XkyYck92uYin2ae,217@localhost,true
218,$2a$10$Vd1nx.MqKrkNsCZI9oN.1ulHJPw.MbRYSRZsb/XkyYck92uYin2ae,218@localhost,true
219,$2a$10$Vd1nx.MqKrkNsCZI9oN.1ulHJPw.MbRYSRZsb/XkyYck92uYin2ae,219@localhost,true
220,$2a$10$Vd1nx.MqKrkNsCZI9oN.1ulHJPw.MbRYSRZsb/XkyYck92uYin2ae,220@localhost,true
221,$2a$10$Vd1nx.MqKrkNsCZI9oN.1ulHJPw.MbRYSRZsb/XkyYck92uYin2ae,221@localhost,true
222,$2a$10$Vd1nx.MqKrkNsCZI9oN.1ulHJPw.MbRYSRZsb/XkyYck92uYin2ae,222@localhost,true
223,$2a$10$Vd1nx.MqKrkNsCZI9oN.1ulHJPw.MbRYSRZsb/XkyYck92uYin2ae,223@localhost,true
224,$2a$10$Vd1nx.MqKrkNsCZI9oN.1ulHJPw.MbRYSRZsb/XkyYck92uYin2ae,224@localhost,true
225,$2a$10$Vd1nx.MqKrkNsCZI9oN.1ulHJPw.MbRYSRZsb/XkyYck92uYin2ae,225@localhost,true
226,$2a$10$Vd1nx.MqKrkNsCZI9oN.1ulHJPw.MbRYSRZsb/XkyYck92uYin2ae,226@localhost,true
227,$2a$10$Vd1nx.MqKrkNsCZI9oN.1ulHJPw.MbRYSRZsb/XkyYck92uYin2ae,227@localhost,true
228,$2a$10$Vd1nx.MqKrkNsCZI9oN.1ulHJPw.MbRYSRZsb/XkyYck92uYin2ae,228@localhost,true
229,$2a$10$Vd1nx.MqKrkNsCZI9oN.1ulHJPw.MbRYSRZsb/XkyYck92uYin2ae,229@localhost,true
230,$2a$10$Vd1nx.MqKrkNsCZI9oN.1ulHJPw.MbRYSRZsb/XkyYck92uYin2ae,230@localhost,true
231,$2a$10$Vd1nx.MqKrkNsCZI9oN.1ulHJPw.MbRYSRZsb/XkyYck92uYin2ae,231@localhost,true
232,$2a$10$Vd1nx.MqKrkNsCZI9oN.1ulHJPw.MbRYSRZsb/XkyYck92uYin2ae,232@localhost,true
233,$2a$10$Vd1nx.MqKrkNsCZI9oN.1ulHJPw.MbRYSRZsb/XkyYck92uYin2ae,233@localhost,true
234,$2a$10$Vd1nx.MqKrkNsCZI9oN.1ulHJPw.MbRYSRZsb/XkyYck92uYin2ae,234@localhost,true
235,$2a$10$Vd1nx.MqKrkNsCZI9oN.1ulHJPw.MbRYSRZsb/XkyYck92uYin2ae,235@localhost,true
236,$2a$10$Vd1nx.MqKrkNsCZI9oN.1ulHJPw.MbRYSRZsb/XkyYck92uYin2ae,236@localhost,true
237,$2a$10$Vd1nx.MqKrkNsCZI9oN.1ulHJPw.MbRYSRZsb/XkyYck92uYin2ae,237@localhost,true
238,$2a$10$Vd1nx.MqKrkNsCZI9oN.1ulHJPw.MbRYSRZsb/XkyYck92uYin2ae,238@localhost,true
239,$2a$10$Vd1nx.MqKrkNsCZI9oN.1ulHJPw.MbRYSRZsb/XkyYck92uYin2ae,239@localhost,true
240,$2a$10$Vd1nx.MqKrkNsCZI9oN.1ulHJPw.MbRYSRZsb/XkyYck92uYin2ae,240@localhost,true
241,$2a$10$Vd1nx.MqKrkNsCZI9oN.1ulHJPw.MbRYSRZsb/XkyYck92uYin2ae,241@localhost,true
242,$2a$10$Vd1nx.MqKrkNsCZI9oN.1ulHJPw.MbRYSRZsb/XkyYck92uYin2ae,242@localhost,true
243,$2a$10$Vd1nx.MqKrkNsCZI9oN.1ulHJPw.MbRYSRZsb/XkyYck92uYin2ae,243@localhost,true
244,$2a$10$Vd1nx.MqKrkNsCZI9oN.1ulHJPw.MbRYSRZsb/XkyYck92uYin2ae,244@localhost,true
245,$2a$10$Vd1nx.MqKrkNsCZI9oN.1ulHJPw.MbRYSRZsb/XkyYck92uYin2ae,245@localhost,true
246,$2a$10$Vd1nx.MqKrkNsCZI9oN.1ulHJPw.MbRYSRZsb/XkyYck92uYin2ae,246@localhost,true
247,$2a$10$Vd1nx.MqKrkNsCZI9oN.1ulHJPw.MbRYSRZsb/XkyYck92uYin2ae,247@localhost,true
248,$2a$10$Vd1nx.MqKrkNsCZI9oN.1ulHJPw.MbRYSRZsb/XkyYck92uYin2ae,248@localhost,true
249,$2a$10$Vd1nx.MqKrkNsCZI9oN.1ulHJPw.MbRYSRZsb/XkyYck92uYin2ae,249@localhost,true
250,$2a$10$Vd1nx.MqKrkNsCZI9oN.1ulHJPw.MbRYSRZsb/XkyYck92uYin2ae,250@localhost,true
251,$2a$10$Vd1nx.MqKrkNsCZI9oN.1ulHJPw.MbRYSRZsb/XkyYck92uYin2ae,251@localhost,true
252,$2a$10$Vd1nx.MqKrkNsCZI9oN.1ulHJPw.MbRYSRZsb/XkyYck92uYin2ae,252@localhost,true
253,$2a$10$Vd1nx.MqKrkNsCZI9oN.1ulHJPw.MbRYSRZsb/XkyYck92uYin2ae,253@localhost,true
254,$2a$10$Vd1nx.MqKrkNsCZI9oN.1ulHJPw.MbRYSRZsb/XkyYck92uYin2ae,254@localhost,true
255,$2a$10$Vd1nx.MqKrkNsCZI9oN.1ulHJPw.MbRYSRZsb/XkyYck92uYin2ae,255@localhost,true
256,$2a$10$Vd1nx.MqKrkNsCZI9oN.1ulHJPw.MbRYSRZsb/XkyYck92uYin2ae,256@localhost,true
257,$2a$10$Vd1nx.MqKrkNsCZI9oN.1ulHJPw.MbRYSRZsb/XkyYck92uYin2ae,257@localhost,true
258,$2a$10$Vd1nx.MqKrkNsCZI9oN.1ulHJPw.MbRYSRZsb/XkyYck92uYin2ae,258@localhost,true
259,$2a$10$Vd1nx.MqKrkNsCZI9oN.1ulHJPw.MbRYSRZsb/XkyYck92uYin2ae,259@localhost,true
260,$2a$10$Vd1nx.MqKrkNsCZI9oN.1ulHJPw.MbRYSRZsb/XkyYck92uYin2ae,260@localhost,true
261,$2a$10$Vd1nx.MqKrkNsCZI9oN.1ulHJPw.MbRYSRZsb/XkyYck92uYin2ae,261@localhost,true
262,$2a$10$Vd1nx.MqKrkNsCZI9oN.1ulHJPw.MbRYSRZsb/XkyYck92uYin2ae,262@localhost,true
263,$2a$10$Vd1nx.MqKrkNsCZI9oN.1ulHJPw.MbRYSRZsb/XkyYck92uYin2ae,263@localhost,true
264,$2a$10$Vd1nx.MqKrkNsCZI9oN.1ulHJPw.MbRYSRZsb/XkyYck92uYin2ae,264@localhost,true
265,$2a$10$Vd1nx.MqKrkNsCZI9oN.1ulHJPw.MbRYSRZsb/XkyYck92uYin2ae,265@localhost,true
266,$2a$10$Vd1nx.MqKrkNsCZI9oN.1ulHJPw.MbRYSRZsb/XkyYck92uYin2ae,266@localhost,true
267,$2a$10$Vd1nx.MqKrkNsCZI9oN.1ulHJPw.MbRYSRZsb/XkyYck92uYin2ae,267@localhost,true
268,$2a$10$Vd1nx.MqKrkNsCZI9oN.1ulHJPw.MbRYSRZsb/XkyYck92uYin2ae,268@localhost,true
269,$2a$10$Vd1nx.MqKrkNsCZI9oN.1ulHJPw.MbRYSRZsb/XkyYck92uYin2ae,269@localhost,true
270,$2a$10$Vd1nx.MqKrkNsCZI9oN.1ulHJPw.MbRYSRZsb/XkyYck92uYin2ae,270@localhost,true
271,$2a$10$Vd1nx.MqKrkNsCZI9oN.1ulHJPw.MbRYSRZsb/XkyYck92uYin2ae,271@localhost,true
272,$2a$10$Vd1nx.MqKrkNsCZI9oN.1ulHJPw.MbRYSRZsb/XkyYck92uYin2ae,272@localhost,true
273,$2a$10$Vd1nx.MqKrkNsCZI9oN.1ulHJPw.MbRYSRZsb/XkyYck92uYin2ae,273@localhost,true
274,$2a$10$Vd1nx.MqKrkNsCZI9oN.1ulHJPw.MbRYSRZsb/XkyYck92uYin2ae,274@localhost,true
275,$2a$10$Vd1nx.MqKrkNsCZI9oN.1ulHJPw.MbRYSRZsb/XkyYck92uYin2ae,275@localhost,true
276,$2a$10$Vd1nx.MqKrkNsCZI9oN.1ulHJPw.MbRYSRZsb/XkyYck92uYin2ae,276@localhost,true
277,$2a$10$Vd1nx.MqKrkNsCZI9oN.1ulHJPw.MbRYSRZsb/XkyYck92uYin2ae,277@localhost,true
278,$2a$10$Vd1nx.MqKrkNsCZI9oN.1ulHJPw.MbRYSRZsb/XkyYck92uYin2ae,278@localhost,true
279,$2a$10$Vd1nx.MqKrkNsCZI9oN.1ulHJPw.MbRYSRZsb/XkyYck92uYin2ae,279@localhost,true
280,$2a$10$Vd1nx.MqKrkNsCZI9oN.1ulHJPw.MbRYSRZsb/XkyYck92uYin2ae,280@localhost,true
281,$2a$10$Vd1nx.MqKrkNsCZI9oN.1ulHJPw.MbRYSRZsb/XkyYck92uYin2ae,281@localhost,true
282,$2a$10$Vd1nx.MqKrkNsCZI9oN.1ulHJPw.MbRYSRZsb/XkyYck92uYin2ae,282@localhost,true
283,$2a$10$Vd1nx.MqKrkNsCZI9oN.1ulHJPw.MbRYSRZsb/XkyYck92uYin2ae,283@localhost,true
284,$2a$10$Vd1nx.MqKrkNsCZI9oN.1ulHJPw.MbRYSRZsb/XkyYck92uYin2ae,284@localhost,true
285,$2a$10$Vd1nx.MqKrkNsCZI9oN.1ulHJPw.MbRYSRZsb/XkyYck92uYin2ae,285@localhost,true
286,$2a$10$Vd1nx.MqKrkNsCZI9oN.1ulHJPw.MbRYSRZsb/XkyYck92uYin2ae,286@localhost,true
287,$2a$10$Vd1nx.MqKrkNsCZI9oN.1ulHJPw.MbRYSRZsb/XkyYck92uYin2ae,287@localhost,true
288,$2a$10$Vd1nx.MqKrkNsCZI9oN.1ulHJPw.MbRYSRZsb/XkyYck92uYin2ae,288@localhost,true
289,$2a$10$Vd1nx.MqKrkNsCZI9oN.1ulHJPw.MbRYSRZsb/XkyYck92uYin2ae,289@localhost,true
290,$2a$10$Vd1nx.MqKrkNsCZI9oN.1ulHJPw.MbRYSRZsb/XkyYck92uYin2ae,290@localhost,true
291,$2a$10$Vd1nx.MqKrkNsCZI9oN.1ulHJPw.MbRYSRZsb/XkyYck92uYin2ae,291@localhost,true
292,$2a$10$Vd1nx.MqKrkNsCZI9oN.1ulHJPw.MbRYSRZsb/XkyYck92uYin2ae,292@localhost,true
293,$2a$10$Vd1nx.MqKrkNsCZI9oN.1ulHJPw.MbRYSRZsb/XkyYck92uYin2ae,293@localhost,true
294,$2a$10$Vd1nx.MqKrkNsCZI9oN.1ulHJPw.MbRYSRZsb/XkyYck92uYin2ae,294@localhost,true
295,$2a$10$Vd1nx.MqKrkNsCZI9oN.1ulHJPw.MbRYSRZsb/XkyYck92uYin2ae,295@localhost,true
296,$2a$10$Vd1nx.MqKrkNsCZI9oN.1ulHJPw.MbRYSRZsb/XkyYck92uYin2ae,296@localhost,true
297,$2a$10$Vd1nx.MqKrkNsCZI9oN.1ulHJPw.MbRYSRZsb/XkyYck92uYin2ae,297@localhost,true
298,$2a$10$Vd1nx.MqKrkNsCZI9oN.1ulHJPw.MbRYSRZsb/XkyYck92uYin2ae,298@localhost,true
299,$2a$10$Vd1nx.MqKrkNsCZI9oN.1ulHJPw.MbRYSRZsb/XkyYck92uYin2ae,299@localhost,true
300,$2a$10$Vd1nx.MqKrkNsCZI9oN.1ulHJPw.MbRYSRZsb/XkyYck92uYin2ae,300@localhost,true
301,$2a$10$Vd1nx.MqKrkNsCZI9oN.1ulHJPw.MbRYSRZsb/XkyYck92uYin2ae,301@localhost,true
302,$2a$10$Vd1nx.MqKrkNsCZI9oN.1ulHJPw.MbRYSRZsb/XkyYck92uYin2ae,302@localhost,true
303,$2a$10$Vd1nx.MqKrkNsCZI9oN.1ulHJPw.MbRYSRZsb/XkyYck92uYin2ae,303@localhost,true
304,$2a$10$Vd1nx.MqKrkNsCZI9oN.1ulHJPw.MbRYSRZsb/XkyYck92uYin2ae,304@localhost,true
305,$2a$10$Vd1nx.MqKrkNsCZI9oN.1ulHJPw.MbRYSRZsb/XkyYck92uYin2ae,305@localhost,true
306,$2a$10$Vd1nx.MqKrkNsCZI9oN.1ulHJPw.MbRYSRZsb/XkyYck92uYin2ae,306@localhost,true
307,$2a$10$Vd1nx.MqKrkNsCZI9oN.1ulHJPw.MbRYSRZsb/XkyYck92uYin2ae,307@localhost,true
308,$2a$10$Vd1nx.MqKrkNsCZI9oN.1ulHJPw.MbRYSRZsb/XkyYck92uYin2ae,308@localhost,true
309,$2a$10$Vd1nx.MqKrkNsCZI9oN.1ulHJPw.MbRYSRZsb/XkyYck92uYin2ae,309@localhost,true
310,$2a$10$Vd1nx.MqKrkNsCZI9oN.1ulHJPw.MbRYSRZsb/XkyYck92uYin2ae,310@localhost,true
311,$2a$10$Vd1nx.MqKrkNsCZI9oN.1ulHJPw.MbRYSRZsb/XkyYck92uYin2ae,311@localhost,true
312,$2a$10$Vd1nx.MqKrkNsCZI9oN.1ulHJPw.MbRYSRZsb/XkyYck92uYin2ae,312@localhost,true
313,$2a$10$Vd1nx.MqKrkNsCZI9oN.1ulHJPw.MbRYSRZsb/XkyYck92uYin2ae,313@localhost,true
314,$2a$10$Vd1nx.MqKrkNsCZI9oN.1ulHJPw.MbRYSRZsb/XkyYck92uYin2ae,314@localhost,true
315,$2a$10$Vd1nx.MqKrkNsCZI9oN.1ulHJPw.MbRYSRZsb/XkyYck92uYin2ae,315@localhost,true
316,$2a$10$Vd1nx.MqKrkNsCZI9oN.1ulHJPw.MbRYSRZsb/XkyYck92uYin2ae,316@localhost,true
317,$2a$10$Vd1nx.MqKrkNsCZI9oN.1ulHJPw.MbRYSRZsb/XkyYck92uYin2ae,317@localhost,true
318,$2a$10$Vd1nx.MqKrkNsCZI9oN.1ulHJPw.MbRYSRZsb/XkyYck92uYin2ae,318@localhost,true
319,$2a$10$Vd1nx.MqKrkNsCZI9oN.1ulHJPw.MbRYSRZsb/XkyYck92uYin2ae,319@localhost,true
320,$2a$10$Vd1nx.MqKrkNsCZI9oN.1ulHJPw.MbRYSRZsb/XkyYck92uYin2ae,320@localhost,true
321,$2a$10$Vd1nx.MqKrkNsCZI9oN.1ulHJPw.MbRYSRZsb/XkyYck92uYin2ae,321@localhost,true
322,$2a$10$Vd1nx.MqKrkNsCZI9oN.1ulHJPw.MbRYSRZsb/XkyYck92uYin2ae,322@localhost,true
323,$2a$10$Vd1nx.MqKrkNsCZI9oN.1ulHJPw.MbRYSRZsb/XkyYck92uYin2ae,323@localhost,true
324,$2a$10$Vd1nx.MqKrkNsCZI9oN.1ulHJPw.MbRYSRZsb/XkyYck92uYin2ae,324@localhost,true
325,$2a$10$Vd1nx.MqKrkNsCZI9oN.1ulHJPw.MbRYSRZsb/XkyYck92uYin2ae,325@localhost,true
326,$2a$10$Vd1nx.MqKrkNsCZI9oN.1ulHJPw.MbRYSRZsb/XkyYck92uYin2ae,326@localhost,true
327,$2a$10$Vd1nx.MqKrkNsCZI9oN.1ulHJPw.MbRYSRZsb/XkyYck92uYin2ae,327@localhost,true
328,$2a$10$Vd1nx.MqKrkNsCZI9oN.1ulHJPw.MbRYSRZsb/XkyYck92uYin2ae,328@localhost,true
329,$2a$10$Vd1nx.MqKrkNsCZI9oN.1ulHJPw.MbRYSRZsb/XkyYck92uYin2ae,329@localhost,true
330,$2a$10$Vd1nx.MqKrkNsCZI9oN.1ulHJPw.MbRYSRZsb/XkyYck92uYin2ae,330@localhost,true
331,$2a$10$Vd1nx.MqKrkNsCZI9oN.1ulHJPw.MbRYSRZsb/XkyYck92uYin2ae,331@localhost,true
332,$2a$10$Vd1nx.MqKrkNsCZI9oN.1ulHJPw.MbRYSRZsb/XkyYck92uYin2ae,332@localhost,true
333,$2a$10$Vd1nx.MqKrkNsCZI9oN.1ulHJPw.MbRYSRZsb/XkyYck92uYin2ae,333@localhost,true
334,$2a$10$Vd1nx.MqKrkNsCZI9oN.1ulHJPw.MbRYSRZsb/XkyYck92uYin2ae,334@localhost,true
335,$2a$10$Vd1nx.MqKrkNsCZI9oN.1ulHJPw.MbRYSRZsb/XkyYck92uYin2ae,335@localhost,true
336,$2a$10$Vd1nx.MqKrkNsCZI9oN.1ulHJPw.MbRYSRZsb/XkyYck92uYin2ae,336@localhost,true
337,$2a$10$Vd1nx.MqKrkNsCZI9oN.1ulHJPw.MbRYSRZsb/XkyYck92uYin2ae,337@localhost,true
338,$2a$10$Vd1nx.MqKrkNsCZI9oN.1ulHJPw.MbRYSRZsb/XkyYck92uYin2ae,338@localhost,true
339,$2a$10$Vd1nx.MqKrkNsCZI9oN.1ulHJPw.MbRYSRZsb/XkyYck92uYin2ae,339@localhost,true
340,$2a$10$Vd1nx.MqKrkNsCZI9oN.1ulHJPw.MbRYSRZsb/XkyYck92uYin2ae,340@localhost,true
341,$2a$10$Vd1nx.MqKrkNsCZI9oN.1ulHJPw.MbRYSRZsb/XkyYck92uYin2ae,341@localhost,true
342,$2a$10$Vd1nx.MqKrkNsCZI9oN.1ulHJPw.MbRYSRZsb/XkyYck92uYin2ae,342@localhost,true
343,$2a$10$Vd1nx.MqKrkNsCZI9oN.1ulHJPw.MbRYSRZsb/XkyYck92uYin2ae,343@localhost,true
344,$2a$10$Vd1nx.MqKrkNsCZI9oN.1ulHJPw.MbRYSRZsb/XkyYck92uYin2ae,344@localhost,true
345,$2a$10$Vd1nx.MqKrkNsCZI9oN.1ulHJPw.MbRYSRZsb/XkyYck92uYin2ae,345@localhost,true
346,$2a$10$Vd1nx.MqKrkNsCZI9oN.1ulHJPw.MbRYSRZsb/XkyYck92uYin2ae,346@localhost,true
347,$2a$10$Vd1nx.MqKrkNsCZI9oN.1ulHJPw.MbRYSRZsb/XkyYck92uYin2ae,347@localhost,true
348,$2a$10$Vd1nx.MqKrkNsCZI9oN.1ulHJPw.MbRYSRZsb/XkyYck92uYin2ae,348@localhost,true
349,$2a$10$Vd1nx.MqKrkNsCZI9oN.1ulHJPw.MbRYSRZsb/XkyYck92uYin2ae,349@localhost,true
350,$2a$10$Vd1nx.MqKrkNsCZI9oN.1ulHJPw.MbRYSRZsb/XkyYck92uYin2ae,350@localhost,true
351,$2a$10$Vd1nx.MqKrkNsCZI9oN.1ulHJPw.MbRYSRZsb/XkyYck92uYin2ae,351@localhost,true
352,$2a$10$Vd1nx.MqKrkNsCZI9oN.1ulHJPw.MbRYSRZsb/XkyYck92uYin2ae,352@localhost,true
353,$2a$10$Vd1nx.MqKrkNsCZI9oN.1ulHJPw.MbRYSRZsb/XkyYck92uYin2ae,353@localhost,true
354,$2a$10$Vd1nx.MqKrkNsCZI9oN.1ulHJPw.MbRYSRZsb/XkyYck92uYin2ae,354@localhost,true
355,$2a$10$Vd1nx.MqKrkNsCZI9oN.1ulHJPw.MbRYSRZsb/XkyYck92uYin2ae,355@localhost,true
356,$2a$10$Vd1nx.MqKrkNsCZI9oN.1ulHJPw.MbRYSRZsb/XkyYck92uYin2ae,356@localhost,true
357,$2a$10$Vd1nx.MqKrkNsCZI9oN.1ulHJPw.MbRYSRZsb/XkyYck92uYin2ae,357@localhost,true
358,$2a$10$Vd1nx.MqKrkNsCZI9oN.1ulHJPw.MbRYSRZsb/XkyYck92uYin2ae,358@localhost,true
359,$2a$10$Vd1nx.MqKrkNsCZI9oN.1ulHJPw.MbRYSRZsb/XkyYck92uYin2ae,359@localhost,true
360,$2a$10$Vd1nx.MqKrkNsCZI9oN.1ulHJPw.MbRYSRZsb/XkyYck92uYin2ae,360@localhost,true
361,$2a$10$Vd1nx.MqKrkNsCZI9oN.1ulHJPw.MbRYSRZsb/XkyYck92uYin2ae,361@localhost,true
362,$2a$10$Vd1nx.MqKrkNsCZI9oN.1ulHJPw.MbRYSRZsb/XkyYck92uYin2ae,362@localhost,true
363,$2a$10$Vd1nx.MqKrkNsCZI9oN.1ulHJPw.MbRYSRZsb/XkyYck92uYin2ae,363@localhost,true
364,$2a$10$Vd1nx.MqKrkNsCZI9oN.1ulHJPw.MbRYSRZsb/XkyYck92uYin2ae,364@localhost,true
365,$2a$10$Vd1nx.MqKrkNsCZI9oN.1ulHJPw.MbRYSRZsb/XkyYck92uYin2ae,365@localhost,true
366,$2a$10$Vd1nx.MqKrkNsCZI9oN.1ulHJPw.MbRYSRZsb/XkyYck92uYin2ae,366@localhost,true
367,$2a$10$Vd1nx.MqKrkNsCZI9oN.1ulHJPw.MbRYSRZsb/XkyYck92uYin2ae,367@localhost,true
368,$2a$10$Vd1nx.MqKrkNsCZI9oN.1ulHJPw.MbRYSRZsb/XkyYck92uYin2ae,368@localhost,true
369,$2a$10$Vd1nx.MqKrkNsCZI9oN.1ulHJPw.MbRYSRZsb/XkyYck92uYin2ae,369@localhost,true
370,$2a$10$Vd1nx.MqKrkNsCZI9oN.1ulHJPw.MbRYSRZsb/XkyYck92uYin2ae,370@localhost,true
371,$2a$10$Vd1nx.MqKrkNsCZI9oN.1ulHJPw.MbRYSRZsb/XkyYck92uYin2ae,371@localhost,true
372,$2a$10$Vd1nx.MqKrkNsCZI9oN.1ulHJPw.MbRYSRZsb/XkyYck92uYin2ae,372@localhost,true
373,$2a$10$Vd1nx.MqKrkNsCZI9oN.1ulHJPw.MbRYSRZsb/XkyYck92uYin2ae,373@localhost,true
374,$2a$10$Vd1nx.MqKrkNsCZI9oN.1ulHJPw.MbRYSRZsb/XkyYck92uYin2ae,374@localhost,true
375,$2a$10$Vd1nx.MqKrkNsCZI9oN.1ulHJPw.MbRYSRZsb/XkyYck92uYin2ae,375@localhost,true
376,$2a$10$Vd1nx.MqKrkNsCZI9oN.1ulHJPw.MbRYSRZsb/XkyYck92uYin2ae,376@localhost,true
377,$2a$10$Vd1nx.MqKrkNsCZI9oN.1ulHJPw.MbRYSRZsb/XkyYck92uYin2ae,377@localhost,true
378,$2a$10$Vd1nx.MqKrkNsCZI9oN.1ulHJPw.MbRYSRZsb/XkyYck92uYin2ae,378@localhost,true
379,$2a$10$Vd1nx.MqKrkNsCZI9oN.1ulHJPw.MbRYSRZsb/XkyYck92uYin2ae,379@localhost,true
380,$2a$10$Vd1nx.MqKrkNsCZI9oN.1ulHJPw.MbRYSRZsb/XkyYck92uYin2ae,380@localhost,true
381,$2a$10$Vd1nx.MqKrkNsCZI9oN.1ulHJPw.MbRYSRZsb/XkyYck92uYin2ae,381@localhost,true
382,$2a$10$Vd1nx.MqKrkNsCZI9oN.1ulHJPw.MbRYSRZsb/XkyYck92uYin2ae,382@localhost,true
383,$2a$10$Vd1nx.MqKrkNsCZI9oN.1ulHJPw.MbRYSRZsb/XkyYck92uYin2ae,383@localhost,true
384,$2a$10$Vd1nx.MqKrkNsCZI9oN.1ulHJPw.MbRYSRZsb/XkyYck92uYin2ae,384@localhost,true
385,$2a$10$Vd1nx.MqKrkNsCZI9oN.1ulHJPw.MbRYSRZsb/XkyYck92uYin2ae,385@localhost,true
386,$2a$10$Vd1nx.MqKrkNsCZI9oN.1ulHJPw.MbRYSRZsb/XkyYck92uYin2ae,386@localhost,true
387,$2a$10$Vd1nx.MqKrkNsCZI9oN.1ulHJPw.MbRYSRZsb/XkyYck92uYin2ae,387@localhost,true
388,$2a$10$Vd1nx.MqKrkNsCZI9oN.1ulHJPw.MbRYSRZsb/XkyYck92uYin2ae,388@localhost,true
389,$2a$10$Vd1nx.MqKrkNsCZI9oN.1ulHJPw.MbRYSRZsb/XkyYck92uYin2ae,389@localhost,true
390,$2a$10$Vd1nx.MqKrkNsCZI9oN.1ulHJPw.MbRYSRZsb/XkyYck92uYin2ae,390@localhost,true
391,$2a$10$Vd1nx.MqKrkNsCZI9oN.1ulHJPw.MbRYSRZsb/XkyYck92uYin2ae,391@localhost,true
392,$2a$10$Vd1nx.MqKrkNsCZI9oN.1ulHJPw.MbRYSRZsb/XkyYck92uYin2ae,392@localhost,true
393,$2a$10$Vd1nx.MqKrkNsCZI9oN.1ulHJPw.MbRYSRZsb/XkyYck92uYin2ae,393@localhost,true
394,$2a$10$Vd1nx.MqKrkNsCZI9oN.1ulHJPw.MbRYSRZsb/XkyYck92uYin2ae,394@localhost,true
395,$2a$10$Vd1nx.MqKrkNsCZI9oN.1ulHJPw.MbRYSRZsb/XkyYck92uYin2ae,395@localhost,true
396,$2a$10$Vd1nx.MqKrkNsCZI9oN.1ulHJPw.MbRYSRZsb/XkyYck92uYin2ae,396@localhost,true
397,$2a$10$Vd1nx.MqKrkNsCZI9oN.1ulHJPw.MbRYSRZsb/XkyYck92uYin2ae,397@localhost,true
398,$2a$10$Vd1nx.MqKrkNsCZI9oN.1ulHJPw.MbRYSRZsb/XkyYck92uYin2ae,398@localhost,true
399,$2a$10$Vd1nx.MqKrkNsCZI9oN.1ulHJPw.MbRYSRZsb/XkyYck92uYin2ae,399@localhost,true
400,$2a$10$Vd1nx.MqKrkNsCZI9oN.1ulHJPw.MbRYSRZsb/XkyYck92uYin2ae,400@localhost,true
401,$2a$10$Vd1nx.MqKrkNsCZI9oN.1ulHJPw.MbRYSRZsb/XkyYck92uYin2ae,401@localhost,true
402,$2a$10$Vd1nx.MqKrkNsCZI9oN.1ulHJPw.MbRYSRZsb/XkyYck92uYin2ae,402@localhost,true
403,$2a$10$Vd1nx.MqKrkNsCZI9oN.1ulHJPw.MbRYSRZsb/XkyYck92uYin2ae,403@localhost,true
404,$2a$10$Vd1nx.MqKrkNsCZI9oN.1ulHJPw.MbRYSRZsb/XkyYck92uYin2ae,404@localhost,true
405,$2a$10$Vd1nx.MqKrkNsCZI9oN.1ulHJPw.MbRYSRZsb/XkyYck92uYin2ae,405@localhost,true
406,$2a$10$Vd1nx.MqKrkNsCZI9oN.1ulHJPw.MbRYSRZsb/XkyYck92uYin2ae,406@localhost,true
407,$2a$10$Vd1nx.MqKrkNsCZI9oN.1ulHJPw.MbRYSRZsb/XkyYck92uYin2ae,407@localhost,true
408,$2a$10$Vd1nx.MqKrkNsCZI9oN.1ulHJPw.MbRYSRZsb/XkyYck92uYin2ae,408@localhost,true
409,$2a$10$Vd1nx.MqKrkNsCZI9oN.1ulHJPw.MbRYSRZsb/XkyYck92uYin2ae,409@localhost,true
410,$2a$10$Vd1nx.MqKrkNsCZI9oN.1ulHJPw.MbRYSRZsb/XkyYck92uYin2ae,410@localhost,true
411,$2a$10$Vd1nx.MqKrkNsCZI9oN.1ulHJPw.MbRYSRZsb/XkyYck92uYin2ae,411@localhost,true
412,$2a$10$Vd1nx.MqKrkNsCZI9oN.1ulHJPw.MbRYSRZsb/XkyYck92uYin2ae,412@localhost,true
413,$2a$10$Vd1nx.MqKrkNsCZI9oN.1ulHJPw.MbRYSRZsb/XkyYck92uYin2ae,413@localhost,true
414,$2a$10$Vd1nx.MqKrkNsCZI9oN.1ulHJPw.MbRYSRZsb/XkyYck92uYin2ae,414@localhost,true
415,$2a$10$Vd1nx.MqKrkNsCZI9oN.1ulHJPw.MbRYSRZsb/XkyYck92uYin2ae,415@localhost,true
416,$2a$10$Vd1nx.MqKrkNsCZI9oN.1ulHJPw.MbRYSRZsb/XkyYck92uYin2ae,416@localhost,true
417,$2a$10$Vd1nx.MqKrkNsCZI9oN.1ulHJPw.MbRYSRZsb/XkyYck92uYin2ae,417@localhost,true
418,$2a$10$Vd1nx.MqKrkNsCZI9oN.1ulHJPw.MbRYSRZsb/XkyYck92uYin2ae,418@localhost,true
419,$2a$10$Vd1nx.MqKrkNsCZI9oN.1ulHJPw.MbRYSRZsb/XkyYck92uYin2ae,419@localhost,true
420,$2a$10$Vd1nx.MqKrkNsCZI9oN.1ulHJPw.MbRYSRZsb/XkyYck92uYin2ae,420@localhost,true
421,$2a$10$Vd1nx.MqKrkNsCZI9oN.1ulHJPw.MbRYSRZsb/XkyYck92uYin2ae,421@localhost,true
422,$2a$10$Vd1nx.MqKrkNsCZI9oN.1ulHJPw.MbRYSRZsb/XkyYck92uYin2ae,422@localhost,true
423,$2a$10$Vd1nx.MqKrkNsCZI9oN.1ulHJPw.MbRYSRZsb/XkyYck92uYin2ae,423@localhost,true
424,$2a$10$Vd1nx.MqKrkNsCZI9oN.1ulHJPw.MbRYSRZsb/XkyYck92uYin2ae,424@localhost,true
425,$2a$10$Vd1nx.MqKrkNsCZI9oN.1ulHJPw.MbRYSRZsb/XkyYck92uYin2ae,425@localhost,true
426,$2a$10$Vd1nx.MqKrkNsCZI9oN.1ulHJPw.MbRYSRZsb/XkyYck92uYin2ae,426@localhost,true
427,$2a$10$Vd1nx.MqKrkNsCZI9oN.1ulHJPw.MbRYSRZsb/XkyYck92uYin2ae,427@localhost,true
428,$2a$10$Vd1nx.MqKrkNsCZI9oN.1ulHJPw.MbRYSRZsb/XkyYck92uYin2ae,428@localhost,true
429,$2a$10$Vd1nx.MqKrkNsCZI9oN.1ulHJPw.MbRYSRZsb/XkyYck92uYin2ae,429@localhost,true
430,$2a$10$Vd1nx.MqKrkNsCZI9oN.1ulHJPw.MbRYSRZsb/XkyYck92uYin2ae,430@localhost,true
431,$2a$10$Vd1nx.MqKrkNsCZI9oN.1ulHJPw.MbRYSRZsb/XkyYck92uYin2ae,431@localhost,true
432,$2a$10$Vd1nx.MqKrkNsCZI9oN.1ulHJPw.MbRYSRZsb/XkyYck92uYin2ae,432@localhost,true
433,$2a$10$Vd1nx.MqKrkNsCZI9oN.1ulHJPw.MbRYSRZsb/XkyYck92uYin2ae,433@localhost,true
434,$2a$10$Vd1nx.MqKrkNsCZI9oN.1ulHJPw.MbRYSRZsb/XkyYck92uYin2ae,434@localhost,true
435,$2a$10$Vd1nx.MqKrkNsCZI9oN.1ulHJPw.MbRYSRZsb/XkyYck92uYin2ae,435@localhost,true
436,$2a$10$Vd1nx.MqKrkNsCZI9oN.1ulHJPw.MbRYSRZsb/XkyYck92uYin2ae,436@localhost,true
437,$2a$10$Vd1nx.MqKrkNsCZI9oN.1ulHJPw.MbRYSRZsb/XkyYck92uYin2ae,437@localhost,true
438,$2a$10$Vd1nx.MqKrkNsCZI9oN.1ulHJPw.MbRYSRZsb/XkyYck92uYin2ae,438@localhost,true
439,$2a$10$Vd1nx.MqKrkNsCZI9oN.1ulHJPw.MbRYSRZsb/XkyYck92uYin2ae,439@localhost,true
440,$2a$10$Vd1nx.MqKrkNsCZI9oN.1ulHJPw.MbRYSRZsb/XkyYck92uYin2ae,440@localhost,true
441,$2a$10$Vd1nx.MqKrkNsCZI9oN.1ulHJPw.MbRYSRZsb/XkyYck92uYin2ae,441@localhost,true
442,$2a$10$Vd1nx.MqKrkNsCZI9oN.1ulHJPw.MbRYSRZsb/XkyYck92uYin2ae,442@localhost,true
443,$2a$10$Vd1nx.MqKrkNsCZI9oN.1ulHJPw.MbRYSRZsb/XkyYck92uYin2ae,443@localhost,true
444,$2a$10$Vd1nx.MqKrkNsCZI9oN.1ulHJPw.MbRYSRZsb/XkyYck92uYin2ae,444@localhost,true
445,$2a$10$Vd1nx.MqKrkNsCZI9oN.1ulHJPw.MbRYSRZsb/XkyYck92uYin2ae,445@localhost,true
446,$2a$10$Vd1nx.MqKrkNsCZI9oN.1ulHJPw.MbRYSRZsb/XkyYck92uYin2ae,446@localhost,true
447,$2a$10$Vd1nx.MqKrkNsCZI9oN.1ulHJPw.MbRYSRZsb/XkyYck92uYin2ae,447@localhost,true
448,$2a$10$Vd1nx.MqKrkNsCZI9oN.1ulHJPw.MbRYSRZsb/XkyYck92uYin2ae,448@localhost,true
449,$2a$10$Vd1nx.MqKrkNsCZI9oN.1ulHJPw.MbRYSRZsb/XkyYck92uYin2ae,449@localhost,true
450,$2a$10$Vd1nx.MqKrkNsCZI9oN.1ulHJPw.MbRYSRZsb/XkyYck92uYin2ae,450@localhost,true
451,$2a$10$Vd1nx.MqKrkNsCZI9oN.1ulHJPw.MbRYSRZsb/XkyYck92uYin2ae,451@localhost,true
452,$2a$10$Vd1nx.MqKrkNsCZI9oN.1ulHJPw.MbRYSRZsb/XkyYck92uYin2ae,452@localhost,true
453,$2a$10$Vd1nx.MqKrkNsCZI9oN.1ulHJPw.MbRYSRZsb/XkyYck92uYin2ae,453@localhost,true
454,$2a$10$Vd1nx.MqKrkNsCZI9oN.1ulHJPw.MbRYSRZsb/XkyYck92uYin2ae,454@localhost,true
455,$2a$10$Vd1nx.MqKrkNsCZI9oN.1ulHJPw.MbRYSRZsb/XkyYck92uYin2ae,455@localhost,true
456,$2a$10$Vd1nx.MqKrkNsCZI9oN.1ulHJPw.MbRYSRZsb/XkyYck92uYin2ae,456@localhost,true
457,$2a$10$Vd1nx.MqKrkNsCZI9oN.1ulHJPw.MbRYSRZsb/XkyYck92uYin2ae,457@localhost,true
458,$2a$10$Vd1nx.MqKrkNsCZI9oN.1ulHJPw.MbRYSRZsb/XkyYck92uYin2ae,458@localhost,true
459,$2a$10$Vd1nx.MqKrkNsCZI9oN.1ulHJPw.MbRYSRZsb/XkyYck92uYin2ae,459@localhost,true
460,$2a$10$Vd1nx.MqKrkNsCZI9oN.1ulHJPw.MbRYSRZsb/XkyYck92uYin2ae,460@localhost,true
461,$2a$10$Vd1nx.MqKrkNsCZI9oN.1ulHJPw.MbRYSRZsb/XkyYck92uYin2ae,461@localhost,true
462,$2a$10$Vd1nx.MqKrkNsCZI9oN.1ulHJPw.MbRYSRZsb/XkyYck92uYin2ae,462@localhost,true
463,$2a$10$Vd1nx.MqKrkNsCZI9oN.1ulHJPw.MbRYSRZsb/XkyYck92uYin2ae,463@localhost,true
464,$2a$10$Vd1nx.MqKrkNsCZI9oN.1ulHJPw.MbRYSRZsb/XkyYck92uYin2ae,464@localhost,true
465,$2a$10$Vd1nx.MqKrkNsCZI9oN.1ulHJPw.MbRYSRZsb/XkyYck92uYin2ae,465@localhost,true
466,$2a$10$Vd1nx.MqKrkNsCZI9oN.1ulHJPw.MbRYSRZsb/XkyYck92uYin2ae,466@localhost,true
467,$2a$10$Vd1nx.MqKrkNsCZI9oN.1ulHJPw.MbRYSRZsb/XkyYck92uYin2ae,467@localhost,true
468,$2a$10$Vd1nx.MqKrkNsCZI9oN.1ulHJPw.MbRYSRZsb/XkyYck92uYin2ae,468@localhost,true
469,$2a$10$Vd1nx.MqKrkNsCZI9oN.1ulHJPw.MbRYSRZsb/XkyYck92uYin2ae,469@localhost,true
470,$2a$10$Vd1nx.MqKrkNsCZI9oN.1ulHJPw.MbRYSRZsb/XkyYck92uYin2ae,470@localhost,true
471,$2a$10$Vd1nx.MqKrkNsCZI9oN.1ulHJPw.MbRYSRZsb/XkyYck92uYin2ae,471@localhost,true
472,$2a$10$Vd1nx.MqKrkNsCZI9oN.1ulHJPw.MbRYSRZsb/XkyYck92uYin2ae,472@localhost,true
473,$2a$10$Vd1nx.MqKrkNsCZI9oN.1ulHJPw.MbRYSRZsb/XkyYck92uYin2ae,473@localhost,true
474,$2a$10$Vd1nx.MqKrkNsCZI9oN.1ulHJPw.MbRYSRZsb/XkyYck92uYin2ae,474@localhost,true
475,$2a$10$Vd1nx.MqKrkNsCZI9oN.1ulHJPw.MbRYSRZsb/XkyYck92uYin2ae,475@localhost,true
476,$2a$10$Vd1nx.MqKrkNsCZI9oN.1ulHJPw.MbRYSRZsb/XkyYck92uYin2ae,476@localhost,true
477,$2a$10$Vd1nx.MqKrkNsCZI9oN.1ulHJPw.MbRYSRZsb/XkyYck92uYin2ae,477@localhost,true
478,$2a$10$Vd1nx.MqKrkNsCZI9oN.1ulHJPw.MbRYSRZsb/XkyYck92uYin2ae,478@localhost,true
479,$2a$10$Vd1nx.MqKrkNsCZI9oN.1ulHJPw.MbRYSRZsb/XkyYck92uYin2ae,479@localhost,true
480,$2a$10$Vd1nx.MqKrkNsCZI9oN.1ulHJPw.MbRYSRZsb/XkyYck92uYin2ae,480@localhost,true
481,$2a$10$Vd1nx.MqKrkNsCZI9oN.1ulHJPw.MbRYSRZsb/XkyYck92uYin2ae,481@localhost,true
482,$2a$10$Vd1nx.MqKrkNsCZI9oN.1ulHJPw.MbRYSRZsb/XkyYck92uYin2ae,482@localhost,true
483,$2a$10$Vd1nx.MqKrkNsCZI9oN.1ulHJPw.MbRYSRZsb/XkyYck92uYin2ae,483@localhost,true
484,$2a$10$Vd1nx.MqKrkNsCZI9oN.1ulHJPw.MbRYSRZsb/XkyYck92uYin2ae,484@localhost,true
485,$2a$10$Vd1nx.MqKrkNsCZI9oN.1ulHJPw.MbRYSRZsb/XkyYck92uYin2ae,485@localhost,true
486,$2a$10$Vd1nx.MqKrkNsCZI9oN.1ulHJPw.MbRYSRZsb/XkyYck92uYin2ae,486@localhost,true
487,$2a$10$Vd1nx.MqKrkNsCZI9oN.1ulHJPw.MbRYSRZsb/XkyYck92uYin2ae,487@localhost,true
488,$2a$10$Vd1nx.MqKrkNsCZI9oN.1ulHJPw.MbRYSRZsb/XkyYck92uYin2ae,488@localhost,true
489,$2a$10$Vd1nx.MqKrkNsCZI9oN.1ulHJPw.MbRYSRZsb/XkyYck92uYin2ae,489@localhost,true
490,$2a$10$Vd1nx.MqKrkNsCZI9oN.1ulHJPw.MbRYSRZsb/XkyYck92uYin2ae,490@localhost,true
491,$2a$10$Vd1nx.MqKrkNsCZI9oN.1ulHJPw.MbRYSRZsb/XkyYck92uYin2ae,491@localhost,true
492,$2a$10$Vd1nx.MqKrkNsCZI9oN.1ulHJPw.MbRYSRZsb/XkyYck92uYin2ae,492@localhost,true
493,$2a$10$Vd1nx.MqKrkNsCZI9oN.1ulHJPw.MbRYSRZsb/XkyYck92uYin2ae,493@localhost,true
494,$2a$10$Vd1nx.MqKrkNsCZI9oN.1ulHJPw.MbRYSRZsb/XkyYck92uYin2ae,494@localhost,true
495,$2a$10$Vd1nx.MqKrkNsCZI9oN.1ulHJPw.MbRYSRZsb/XkyYck92uYin2ae,495@localhost,true
496,$2a$10$Vd1nx.MqKrkNsCZI9oN.1ulHJPw.MbRYSRZsb/XkyYck92uYin2ae,496@localhost,true
497,$2a$10$Vd1nx.MqKrkNsCZI9oN.1ulHJPw.MbRYSRZsb/XkyYck92uYin2ae,497@localhost,true
498,$2a$10$Vd1nx.MqKrkNsCZI9oN.1ulHJPw.MbRYSRZsb/XkyYck92uYin2ae,498@localhost,true
499,$2a$10$Vd1nx.MqKrkNsCZI9oN.1ulHJPw.MbRYSRZsb/XkyYck92uYin2ae,499@localhost,true
500,$2a$10$Vd1nx.MqKrkNsCZI9oN.1ulHJPw.MbRYSRZsb/XkyYck92uYin2ae,500@localhost,true
501,$2a$10$Vd1nx.MqKrkNsCZI9oN.1ulHJPw.MbRYSRZsb/XkyYck92uYin2ae,501@localhost,true
502,$2a$10$Vd1nx.MqKrkNsCZI9oN.1ulHJPw.MbRYSRZsb/XkyYck92uYin2ae,502@localhost,true
503,$2a$10$Vd1nx.MqKrkNsCZI9oN.1ulHJPw.MbRYSRZsb/XkyYck92uYin2ae,503@localhost,true
504,$2a$10$Vd1nx.MqKrkNsCZI9oN.1ulHJPw.MbRYSRZsb/XkyYck92uYin2ae,504@localhost,true
505,$2a$10$Vd1nx.MqKrkNsCZI9oN.1ulHJPw.MbRYSRZsb/XkyYck92uYin2ae,505@localhost,true
506,$2a$10$Vd1nx.MqKrkNsCZI9oN.1ulHJPw.MbRYSRZsb/XkyYck92uYin2ae,506@localhost,true
507,$2a$10$Vd1nx.MqKrkNsCZI9oN.1ulHJPw.MbRYSRZsb/XkyYck92uYin2ae,507@localhost,true
508,$2a$10$Vd1nx.MqKrkNsCZI9oN.1ulHJPw.MbRYSRZsb/XkyYck92uYin2ae,508@localhost,true
509,$2a$10$Vd1nx.MqKrkNsCZI9oN.1ulHJPw.MbRYSRZsb/XkyYck92uYin2ae,509@localhost,true
510,$2a$10$Vd1nx.MqKrkNsCZI9oN.1ulHJPw.MbRYSRZsb/XkyYck92uYin2ae,510@localhost,true
511,$2a$10$Vd1nx.MqKrkNsCZI9oN.1ulHJPw.MbRYSRZsb/XkyYck92uYin2ae,511@localhost,true
512,$2a$10$Vd1nx.MqKrkNsCZI9oN.1ulHJPw.MbRYSRZsb/XkyYck92uYin2ae,512@localhost,true
513,$2a$10$Vd1nx.MqKrkNsCZI9oN.1ulHJPw.MbRYSRZsb/XkyYck92uYin2ae,513@localhost,true
514,$2a$10$Vd1nx.MqKrkNsCZI9oN.1ulHJPw.MbRYSRZsb/XkyYck92uYin2ae,514@localhost,true
515,$2a$10$Vd1nx.MqKrkNsCZI9oN.1ulHJPw.MbRYSRZsb/XkyYck92uYin2ae,515@localhost,true
516,$2a$10$Vd1nx.MqKrkNsCZI9oN.1ulHJPw.MbRYSRZsb/XkyYck92uYin2ae,516@localhost,true
517,$2a$10$Vd1nx.MqKrkNsCZI9oN.1ulHJPw.MbRYSRZsb/XkyYck92uYin2ae,517@localhost,true
518,$2a$10$Vd1nx.MqKrkNsCZI9oN.1ulHJPw.MbRYSRZsb/XkyYck92uYin2ae,518@localhost,true
519,$2a$10$Vd1nx.MqKrkNsCZI9oN.1ulHJPw.MbRYSRZsb/XkyYck92uYin2ae,519@localhost,true
520,$2a$10$Vd1nx.MqKrkNsCZI9oN.1ulHJPw.MbRYSRZsb/XkyYck92uYin2ae,520@localhost,true
521,$2a$10$Vd1nx.MqKrkNsCZI9oN.1ulHJPw.MbRYSRZsb/XkyYck92uYin2ae,521@localhost,true
522,$2a$10$Vd1nx.MqKrkNsCZI9oN.1ulHJPw.MbRYSRZsb/XkyYck92uYin2ae,522@localhost,true
523,$2a$10$Vd1nx.MqKrkNsCZI9oN.1ulHJPw.MbRYSRZsb/XkyYck92uYin2ae,523@localhost,true
524,$2a$10$Vd1nx.MqKrkNsCZI9oN.1ulHJPw.MbRYSRZsb/XkyYck92uYin2ae,524@localhost,true
525,$2a$10$Vd1nx.MqKrkNsCZI9oN.1ulHJPw.MbRYSRZsb/XkyYck92uYin2ae,525@localhost,true
526,$2a$10$Vd1nx.MqKrkNsCZI9oN.1ulHJPw.MbRYSRZsb/XkyYck92uYin2ae,526@localhost,true
527,$2a$10$Vd1nx.MqKrkNsCZI9oN.1ulHJPw.MbRYSRZsb/XkyYck92uYin2ae,527@localhost,true
528,$2a$10$Vd1nx.MqKrkNsCZI9oN.1ulHJPw.MbRYSRZsb/XkyYck92uYin2ae,528@localhost,true
529,$2a$10$Vd1nx.MqKrkNsCZI9oN.1ulHJPw.MbRYSRZsb/XkyYck92uYin2ae,529@localhost,true
530,$2a$10$Vd1nx.MqKrkNsCZI9oN.1ulHJPw.MbRYSRZsb/XkyYck92uYin2ae,530@localhost,true
531,$2a$10$Vd1nx.MqKrkNsCZI9oN.1ulHJPw.MbRYSRZsb/XkyYck92uYin2ae,531@localhost,true
532,$2a$10$Vd1nx.MqKrkNsCZI9oN.1ulHJPw.MbRYSRZsb/XkyYck92uYin2ae,532@localhost,true
533,$2a$10$Vd1nx.MqKrkNsCZI9oN.1ulHJPw.MbRYSRZsb/XkyYck92uYin2ae,533@localhost,true
534,$2a$10$Vd1nx.MqKrkNsCZI9oN.1ulHJPw.MbRYSRZsb/XkyYck92uYin2ae,534@localhost,true
535,$2a$10$Vd1nx.MqKrkNsCZI9oN.1ulHJPw.MbRYSRZsb/XkyYck92uYin2ae,535@localhost,true
536,$2a$10$Vd1nx.MqKrkNsCZI9oN.1ulHJPw.MbRYSRZsb/XkyYck92uYin2ae,536@localhost,true
537,$2a$10$Vd1nx.MqKrkNsCZI9oN.1ulHJPw.MbRYSRZsb/XkyYck92uYin2ae,537@localhost,true
538,$2a$10$Vd1nx.MqKrkNsCZI9oN.1ulHJPw.MbRYSRZsb/XkyYck92uYin2ae,538@localhost,true
539,$2a$10$Vd1nx.MqKrkNsCZI9oN.1ulHJPw.MbRYSRZsb/XkyYck92uYin2ae,539@localhost,true
540,$2a$10$Vd1nx.MqKrkNsCZI9oN.1ulHJPw.MbRYSRZsb/XkyYck92uYin2ae,540@localhost,true
541,$2a$10$Vd1nx.MqKrkNsCZI9oN.1ulHJPw.MbRYSRZsb/XkyYck92uYin2ae,541@localhost,true
542,$2a$10$Vd1nx.MqKrkNsCZI9oN.1ulHJPw.MbRYSRZsb/XkyYck92uYin2ae,542@localhost,true
543,$2a$10$Vd1nx.MqKrkNsCZI9oN.1ulHJPw.MbRYSRZsb/XkyYck92uYin2ae,543@localhost,true
544,$2a$10$Vd1nx.MqKrkNsCZI9oN.1ulHJPw.MbRYSRZsb/XkyYck92uYin2ae,544@localhost,true
545,$2a$10$Vd1nx.MqKrkNsCZI9oN.1ulHJPw.MbRYSRZsb/XkyYck92uYin2ae,545@localhost,true
546,$2a$10$Vd1nx.MqKrkNsCZI9oN.1ulHJPw.MbRYSRZsb/XkyYck92uYin2ae,546@localhost,true
547,$2a$10$Vd1nx.MqKrkNsCZI9oN.1ulHJPw.MbRYSRZsb/XkyYck92uYin2ae,547@localhost,true
548,$2a$10$Vd1nx.MqKrkNsCZI9oN.1ulHJPw.MbRYSRZsb/XkyYck92uYin2ae,548@localhost,true
549,$2a$10$Vd1nx.MqKrkNsCZI9oN.1ulHJPw.MbRYSRZsb/XkyYck92uYin2ae,549@localhost,true
550,$2a$10$Vd1nx.MqKrkNsCZI9oN.1ulHJPw.MbRYSRZsb/XkyYck92uYin2ae,550@localhost,true
551,$2a$10$Vd1nx.MqKrkNsCZI9oN.1ulHJPw.MbRYSRZsb/XkyYck92uYin2ae,551@localhost,true
552,$2a$10$Vd1nx.MqKrkNsCZI9oN.1ulHJPw.MbRYSRZsb/XkyYck92uYin2ae,552@localhost,true
553,$2a$10$Vd1nx.MqKrkNsCZI9oN.1ulHJPw.MbRYSRZsb/XkyYck92uYin2ae,553@localhost,true
554,$2a$10$Vd1nx.MqKrkNsCZI9oN.1ulHJPw.MbRYSRZsb/XkyYck92uYin2ae,554@localhost,true
555,$2a$10$Vd1nx.MqKrkNsCZI9oN.1ulHJPw.MbRYSRZsb/XkyYck92uYin2ae,555@localhost,true
556,$2a$10$Vd1nx.MqKrkNsCZI9oN.1ulHJPw.MbRYSRZsb/XkyYck92uYin2ae,556@localhost,true
557,$2a$10$Vd1nx.MqKrkNsCZI9oN.1ulHJPw.MbRYSRZsb/XkyYck92uYin2ae,557@localhost,true
558,$2a$10$Vd1nx.MqKrkNsCZI9oN.1ulHJPw.MbRYSRZsb/XkyYck92uYin2ae,558@localhost,true
559,$2a$10$Vd1nx.MqKrkNsCZI9oN.1ulHJPw.MbRYSRZsb/XkyYck92uYin2ae,559@localhost,true
560,$2a$10$Vd1nx.MqKrkNsCZI9oN.1ulHJPw.MbRYSRZsb/XkyYck92uYin2ae,560@localhost,true
561,$2a$10$Vd1nx.MqKrkNsCZI9oN.1ulHJPw.MbRYSRZsb/XkyYck92uYin2ae,561@localhost,true
562,$2a$10$Vd1nx.MqKrkNsCZI9oN.1ulHJPw.MbRYSRZsb/XkyYck92uYin2ae,562@localhost,true
563,$2a$10$Vd1nx.MqKrkNsCZI9oN.1ulHJPw.MbRYSRZsb/XkyYck92uYin2ae,563@localhost,true
564,$2a$10$Vd1nx.MqKrkNsCZI9oN.1ulHJPw.MbRYSRZsb/XkyYck92uYin2ae,564@localhost,true
565,$2a$10$Vd1nx.MqKrkNsCZI9oN.1ulHJPw.MbRYSRZsb/XkyYck92uYin2ae,565@localhost,true
566,$2a$10$Vd1nx.MqKrkNsCZI9oN.1ulHJPw.MbRYSRZsb/XkyYck92uYin2ae,566@localhost,true
567,$2a$10$Vd1nx.MqKrkNsCZI9oN.1ulHJPw.MbRYSRZsb/XkyYck92uYin2ae,567@localhost,true
568,$2a$10$Vd1nx.MqKrkNsCZI9oN.1ulHJPw.MbRYSRZsb/XkyYck92uYin2ae,568@localhost,true
569,$2a$10$Vd1nx.MqKrkNsCZI9oN.1ulHJPw.MbRYSRZsb/XkyYck92uYin2ae,569@localhost,true
570,$2a$10$Vd1nx.MqKrkNsCZI9oN.1ulHJPw.MbRYSRZsb/XkyYck92uYin2ae,570@localhost,true
571,$2a$10$Vd1nx.MqKrkNsCZI9oN.1ulHJPw.MbRYSRZsb/XkyYck92uYin2ae,571@localhost,true
572,$2a$10$Vd1nx.MqKrkNsCZI9oN.1ulHJPw.MbRYSRZsb/XkyYck92uYin2ae,572@localhost,true
573,$2a$10$Vd1nx.MqKrkNsCZI9oN.1ulHJPw.MbRYSRZsb/XkyYck92uYin2ae,573@localhost,true
574,$2a$10$Vd1nx.MqKrkNsCZI9oN.1ulHJPw.MbRYSRZsb/XkyYck92uYin2ae,574@localhost,true
575,$2a$10$Vd1nx.MqKrkNsCZI9oN.1ulHJPw.MbRYSRZsb/XkyYck92uYin2ae,575@localhost,true
576,$2a$10$Vd1nx.MqKrkNsCZI9oN.1ulHJPw.MbRYSRZsb/XkyYck92uYin2ae,576@localhost,true
577,$2a$10$Vd1nx.MqKrkNsCZI9oN.1ulHJPw.MbRYSRZsb/XkyYck92uYin2ae,577@localhost,true
578,$2a$10$Vd1nx.MqKrkNsCZI9oN.1ulHJPw.MbRYSRZsb/XkyYck92uYin2ae,578@localhost,true
579,$2a$10$Vd1nx.MqKrkNsCZI9oN.1ulHJPw.MbRYSRZsb/XkyYck92uYin2ae,579@localhost,true
580,$2a$10$Vd1nx.MqKrkNsCZI9oN.1ulHJPw.MbRYSRZsb/XkyYck92uYin2ae,580@localhost,true
581,$2a$10$Vd1nx.MqKrkNsCZI9oN.1ulHJPw.MbRYSRZsb/XkyYck92uYin2ae,581@localhost,true
582,$2a$10$Vd1nx.MqKrkNsCZI9oN.1ulHJPw.MbRYSRZsb/XkyYck92uYin2ae,582@localhost,true
583,$2a$10$Vd1nx.MqKrkNsCZI9oN.1ulHJPw.MbRYSRZsb/XkyYck92uYin2ae,583@localhost,true
584,$2a$10$Vd1nx.MqKrkNsCZI9oN.1ulHJPw.MbRYSRZsb/XkyYck92uYin2ae,584@localhost,true
585,$2a$10$Vd1nx.MqKrkNsCZI9oN.1ulHJPw.MbRYSRZsb/XkyYck92uYin2ae,585@localhost,true
586,$2a$10$Vd1nx.MqKrkNsCZI9oN.1ulHJPw.MbRYSRZsb/XkyYck92uYin2ae,586@localhost,true
587,$2a$10$Vd1nx.MqKrkNsCZI9oN.1ulHJPw.MbRYSRZsb/XkyYck92uYin2ae,587@localhost,true
588,$2a$10$Vd1nx.MqKrkNsCZI9oN.1ulHJPw.MbRYSRZsb/XkyYck92uYin2ae,588@localhost,true
589,$2a$10$Vd1nx.MqKrkNsCZI9oN.1ulHJPw.MbRYSRZsb/XkyYck92uYin2ae,589@localhost,true
590,$2a$10$Vd1nx.MqKrkNsCZI9oN.1ulHJPw.MbRYSRZsb/XkyYck92uYin2ae,590@localhost,true
591,$2a$10$Vd1nx.MqKrkNsCZI9oN.1ulHJPw.MbRYSRZsb/XkyYck92uYin2ae,591@localhost,true
592,$2a$10$Vd1nx.MqKrkNsCZI9oN.1ulHJPw.MbRYSRZsb/XkyYck92uYin2ae,592@localhost,true
593,$2a$10$Vd1nx.MqKrkNsCZI9oN.1ulHJPw.MbRYSRZsb/XkyYck92uYin2ae,593@localhost,true
594,$2a$10$Vd1nx.MqKrkNsCZI9oN.1ulHJPw.MbRYSRZsb/XkyYck92uYin2ae,594@localhost,true
595,$2a$10$Vd1nx.MqKrkNsCZI9oN.1ulHJPw.MbRYSRZsb/XkyYck92uYin2ae,595@localhost,true
596,$2a$10$Vd1nx.MqKrkNsCZI9oN.1ulHJPw.MbRYSRZsb/XkyYck92uYin2ae,596@localhost,true
597,$2a$10$Vd1nx.MqKrkNsCZI9oN.1ulHJPw.MbRYSRZsb/XkyYck92uYin2ae,597@localhost,true
598,$2a$10$Vd1nx.MqKrkNsCZI9oN.1ulHJPw.MbRYSRZsb/XkyYck92uYin2ae,598@localhost,true
599,$2a$10$Vd1nx.MqKrkNsCZI9oN.1ulHJPw.MbRYSRZsb/XkyYck92uYin2ae,599@localhost,true
600,$2a$10$Vd1nx.MqKrkNsCZI9oN.1ulHJPw.MbRYSRZsb/XkyYck92uYin2ae,600@localhost,true
601,$2a$10$Vd1nx.MqKrkNsCZI9oN.1ulHJPw.MbRYSRZsb/XkyYck92uYin2ae,601@localhost,true
602,$2a$10$Vd1nx.MqKrkNsCZI9oN.1ulHJPw.MbRYSRZsb/XkyYck92uYin2ae,602@localhost,true
603,$2a$10$Vd1nx.MqKrkNsCZI9oN.1ulHJPw.MbRYSRZsb/XkyYck92uYin2ae,603@localhost,true
604,$2a$10$Vd1nx.MqKrkNsCZI9oN.1ulHJPw.MbRYSRZsb/XkyYck92uYin2ae,604@localhost,true
605,$2a$10$Vd1nx.MqKrkNsCZI9oN.1ulHJPw.MbRYSRZsb/XkyYck92uYin2ae,605@localhost,true
606,$2a$10$Vd1nx.MqKrkNsCZI9oN.1ulHJPw.MbRYSRZsb/XkyYck92uYin2ae,606@localhost,true
607,$2a$10$Vd1nx.MqKrkNsCZI9oN.1ulHJPw.MbRYSRZsb/XkyYck92uYin2ae,607@localhost,true
608,$2a$10$Vd1nx.MqKrkNsCZI9oN.1ulHJPw.MbRYSRZsb/XkyYck92uYin2ae,608@localhost,true
609,$2a$10$Vd1nx.MqKrkNsCZI9oN.1ulHJPw.MbRYSRZsb/XkyYck92uYin2ae,609@localhost,true
610,$2a$10$Vd1nx.MqKrkNsCZI9oN.1ulHJPw.MbRYSRZsb/XkyYck92uYin2ae,610@localhost,true
611,$2a$10$Vd1nx.MqKrkNsCZI9oN.1ulHJPw.MbRYSRZsb/XkyYck92uYin2ae,611@localhost,true
612,$2a$10$Vd1nx.MqKrkNsCZI9oN.1ulHJPw.MbRYSRZsb/XkyYck92uYin2ae,612@localhost,true
613,$2a$10$Vd1nx.MqKrkNsCZI9oN.1ulHJPw.MbRYSRZsb/XkyYck92uYin2ae,613@localhost,true
614,$2a$10$Vd1nx.MqKrkNsCZI9oN.1ulHJPw.MbRYSRZsb/XkyYck92uYin2ae,614@localhost,true
615,$2a$10$Vd1nx.MqKrkNsCZI9oN.1ulHJPw.MbRYSRZsb/XkyYck92uYin2ae,615@localhost,true
616,$2a$10$Vd1nx.MqKrkNsCZI9oN.1ulHJPw.MbRYSRZsb/XkyYck92uYin2ae,616@localhost,true
617,$2a$10$Vd1nx.MqKrkNsCZI9oN.1ulHJPw.MbRYSRZsb/XkyYck92uYin2ae,617@localhost,true
618,$2a$10$Vd1nx.MqKrkNsCZI9oN.1ulHJPw.MbRYSRZsb/XkyYck92uYin2ae,618@localhost,true
619,$2a$10$Vd1nx.MqKrkNsCZI9oN.1ulHJPw.MbRYSRZsb/XkyYck92uYin2ae,619@localhost,true
620,$2a$10$Vd1nx.MqKrkNsCZI9oN.1ulHJPw.MbRYSRZsb/XkyYck92uYin2ae,620@localhost,true
621,$2a$10$Vd1nx.MqKrkNsCZI9oN.1ulHJPw.MbRYSRZsb/XkyYck92uYin2ae,621@localhost,true
622,$2a$10$Vd1nx.MqKrkNsCZI9oN.1ulHJPw.MbRYSRZsb/XkyYck92uYin2ae,622@localhost,true
623,$2a$10$Vd1nx.MqKrkNsCZI9oN.1ulHJPw.MbRYSRZsb/XkyYck92uYin2ae,623@localhost,true
624,$2a$10$Vd1nx.MqKrkNsCZI9oN.1ulHJPw.MbRYSRZsb/XkyYck92uYin2ae,624@localhost,true
625,$2a$10$Vd1nx.MqKrkNsCZI9oN.1ulHJPw.MbRYSRZsb/XkyYck92uYin2ae,625@localhost,true
626,$2a$10$Vd1nx.MqKrkNsCZI9oN.1ulHJPw.MbRYSRZsb/XkyYck92uYin2ae,626@localhost,true
627,$2a$10$Vd1nx.MqKrkNsCZI9oN.1ulHJPw.MbRYSRZsb/XkyYck92uYin2ae,627@localhost,true
628,$2a$10$Vd1nx.MqKrkNsCZI9oN.1ulHJPw.MbRYSRZsb/XkyYck92uYin2ae,628@localhost,true
629,$2a$10$Vd1nx.MqKrkNsCZI9oN.1ulHJPw.MbRYSRZsb/XkyYck92uYin2ae,629@localhost,true
630,$2a$10$Vd1nx.MqKrkNsCZI9oN.1ulHJPw.MbRYSRZsb/XkyYck92uYin2ae,630@localhost,true
631,$2a$10$Vd1nx.MqKrkNsCZI9oN.1ulHJPw.MbRYSRZsb/XkyYck92uYin2ae,631@localhost,true
632,$2a$10$Vd1nx.MqKrkNsCZI9oN.1ulHJPw.MbRYSRZsb/XkyYck92uYin2ae,632@localhost,true
633,$2a$10$Vd1nx.MqKrkNsCZI9oN.1ulHJPw.MbRYSRZsb/XkyYck92uYin2ae,633@localhost,true
634,$2a$10$Vd1nx.MqKrkNsCZI9oN.1ulHJPw.MbRYSRZsb/XkyYck92uYin2ae,634@localhost,true
635,$2a$10$Vd1nx.MqKrkNsCZI9oN.1ulHJPw.MbRYSRZsb/XkyYck92uYin2ae,635@localhost,true
636,$2a$10$Vd1nx.MqKrkNsCZI9oN.1ulHJPw.MbRYSRZsb/XkyYck92uYin2ae,636@localhost,true
637,$2a$10$Vd1nx.MqKrkNsCZI9oN.1ulHJPw.MbRYSRZsb/XkyYck92uYin2ae,637@localhost,true
638,$2a$10$Vd1nx.MqKrkNsCZI9oN.1ulHJPw.MbRYSRZsb/XkyYck92uYin2ae,638@localhost,true
639,$2a$10$Vd1nx.MqKrkNsCZI9oN.1ulHJPw.MbRYSRZsb/XkyYck92uYin2ae,639@localhost,true
640,$2a$10$Vd1nx.MqKrkNsCZI9oN.1ulHJPw.MbRYSRZsb/XkyYck92uYin2ae,640@localhost,true
641,$2a$10$Vd1nx.MqKrkNsCZI9oN.1ulHJPw.MbRYSRZsb/XkyYck92uYin2ae,641@localhost,true
642,$2a$10$Vd1nx.MqKrkNsCZI9oN.1ulHJPw.MbRYSRZsb/XkyYck92uYin2ae,642@localhost,true
643,$2a$10$Vd1nx.MqKrkNsCZI9oN.1ulHJPw.MbRYSRZsb/XkyYck92uYin2ae,643@localhost,true
644,$2a$10$Vd1nx.MqKrkNsCZI9oN.1ulHJPw.MbRYSRZsb/XkyYck92uYin2ae,644@localhost,true
645,$2a$10$Vd1nx.MqKrkNsCZI9oN.1ulHJPw.MbRYSRZsb/XkyYck92uYin2ae,645@localhost,true
646,$2a$10$Vd1nx.MqKrkNsCZI9oN.1ulHJPw.MbRYSRZsb/XkyYck92uYin2ae,646@localhost,true
647,$2a$10$Vd1nx.MqKrkNsCZI9oN.1ulHJPw.MbRYSRZsb/XkyYck92uYin2ae,647@localhost,true
648,$2a$10$Vd1nx.MqKrkNsCZI9oN.1ulHJPw.MbRYSRZsb/XkyYck92uYin2ae,648@localhost,true
649,$2a$10$Vd1nx.MqKrkNsCZI9oN.1ulHJPw.MbRYSRZsb/XkyYck92uYin2ae,649@localhost,true
650,$2a$10$Vd1nx.MqKrkNsCZI9oN.1ulHJPw.MbRYSRZsb/XkyYck92uYin2ae,650@localhost,true
651,$2a$10$Vd1nx.MqKrkNsCZI9oN.1ulHJPw.MbRYSRZsb/XkyYck92uYin2ae,651@localhost,true
652,$2a$10$Vd1nx.MqKrkNsCZI9oN.1ulHJPw.MbRYSRZsb/XkyYck92uYin2ae,652@localhost,true
653,$2a$10$Vd1nx.MqKrkNsCZI9oN.1ulHJPw.MbRYSRZsb/XkyYck92uYin2ae,653@localhost,true
654,$2a$10$Vd1nx.MqKrkNsCZI9oN.1ulHJPw.MbRYSRZsb/XkyYck92uYin2ae,654@localhost,true
655,$2a$10$Vd1nx.MqKrkNsCZI9oN.1ulHJPw.MbRYSRZsb/XkyYck92uYin2ae,655@localhost,true
656,$2a$10$Vd1nx.MqKrkNsCZI9oN.1ulHJPw.MbRYSRZsb/XkyYck92uYin2ae,656@localhost,true
657,$2a$10$Vd1nx.MqKrkNsCZI9oN.1ulHJPw.MbRYSRZsb/XkyYck92uYin2ae,657@localhost,true
658,$2a$10$Vd1nx.MqKrkNsCZI9oN.1ulHJPw.MbRYSRZsb/XkyYck92uYin2ae,658@localhost,true
659,$2a$10$Vd1nx.MqKrkNsCZI9oN.1ulHJPw.MbRYSRZsb/XkyYck92uYin2ae,659@localhost,true
660,$2a$10$Vd1nx.MqKrkNsCZI9oN.1ulHJPw.MbRYSRZsb/XkyYck92uYin2ae,660@localhost,true
661,$2a$10$Vd1nx.MqKrkNsCZI9oN.1ulHJPw.MbRYSRZsb/XkyYck92uYin2ae,661@localhost,true
662,$2a$10$Vd1nx.MqKrkNsCZI9oN.1ulHJPw.MbRYSRZsb/XkyYck92uYin2ae,662@localhost,true
663,$2a$10$Vd1nx.MqKrkNsCZI9oN.1ulHJPw.MbRYSRZsb/XkyYck92uYin2ae,663@localhost,true
664,$2a$10$Vd1nx.MqKrkNsCZI9oN.1ulHJPw.MbRYSRZsb/XkyYck92uYin2ae,664@localhost,true
665,$2a$10$Vd1nx.MqKrkNsCZI9oN.1ulHJPw.MbRYSRZsb/XkyYck92uYin2ae,665@localhost,true
666,$2a$10$Vd1nx.MqKrkNsCZI9oN.1ulHJPw.MbRYSRZsb/XkyYck92uYin2ae,666@localhost,true
667,$2a$10$Vd1nx.MqKrkNsCZI9oN.1ulHJPw.MbRYSRZsb/XkyYck92uYin2ae,667@localhost,true
668,$2a$10$Vd1nx.MqKrkNsCZI9oN.1ulHJPw.MbRYSRZsb/XkyYck92uYin2ae,668@localhost,true
669,$2a$10$Vd1nx.MqKrkNsCZI9oN.1ulHJPw.MbRYSRZsb/XkyYck92uYin2ae,669@localhost,true
670,$2a$10$Vd1nx.MqKrkNsCZI9oN.1ulHJPw.MbRYSRZsb/XkyYck92uYin2ae,670@localhost,true
671,$2a$10$Vd1nx.MqKrkNsCZI9oN.1ulHJPw.MbRYSRZsb/XkyYck92uYin2ae,671@localhost,true
672,$2a$10$Vd1nx.MqKrkNsCZI9oN.1ulHJPw.MbRYSRZsb/XkyYck92uYin2ae,672@localhost,true
673,$2a$10$Vd1nx.MqKrkNsCZI9oN.1ulHJPw.MbRYSRZsb/XkyYck92uYin2ae,673@localhost,true
674,$2a$10$Vd1nx.MqKrkNsCZI9oN.1ulHJPw.MbRYSRZsb/XkyYck92uYin2ae,674@localhost,true
675,$2a$10$Vd1nx.MqKrkNsCZI9oN.1ulHJPw.MbRYSRZsb/XkyYck92uYin2ae,675@localhost,true
676,$2a$10$Vd1nx.MqKrkNsCZI9oN.1ulHJPw.MbRYSRZsb/XkyYck92uYin2ae,676@localhost,true
677,$2a$10$Vd1nx.MqKrkNsCZI9oN.1ulHJPw.MbRYSRZsb/XkyYck92uYin2ae,677@localhost,true
678,$2a$10$Vd1nx.MqKrkNsCZI9oN.1ulHJPw.MbRYSRZsb/XkyYck92uYin2ae,678@localhost,true
679,$2a$10$Vd1nx.MqKrkNsCZI9oN.1ulHJPw.MbRYSRZsb/XkyYck92uYin2ae,679@localhost,true
680,$2a$10$Vd1nx.MqKrkNsCZI9oN.1ulHJPw.MbRYSRZsb/XkyYck92uYin2ae,680@localhost,true
681,$2a$10$Vd1nx.MqKrkNsCZI9oN.1ulHJPw.MbRYSRZsb/XkyYck92uYin2ae,681@localhost,true
682,$2a$10$Vd1nx.MqKrkNsCZI9oN.1ulHJPw.MbRYSRZsb/XkyYck92uYin2ae,682@localhost,true
683,$2a$10$Vd1nx.MqKrkNsCZI9oN.1ulHJPw.MbRYSRZsb/XkyYck92uYin2ae,683@localhost,true
684,$2a$10$Vd1nx.MqKrkNsCZI9oN.1ulHJPw.MbRYSRZsb/XkyYck92uYin2ae,684@localhost,true
685,$2a$10$Vd1nx.MqKrkNsCZI9oN.1ulHJPw.MbRYSRZsb/XkyYck92uYin2ae,685@localhost,true
686,$2a$10$Vd1nx.MqKrkNsCZI9oN.1ulHJPw.MbRYSRZsb/XkyYck92uYin2ae,686@localhost,true
687,$2a$10$Vd1nx.MqKrkNsCZI9oN.1ulHJPw.MbRYSRZsb/XkyYck92uYin2ae,687@localhost,true
688,$2a$10$Vd1nx.MqKrkNsCZI9oN.1ulHJPw.MbRYSRZsb/XkyYck92uYin2ae,688@localhost,true
689,$2a$10$Vd1nx.MqKrkNsCZI9oN.1ulHJPw.MbRYSRZsb/XkyYck92uYin2ae,689@localhost,true
690,$2a$10$Vd1nx.MqKrkNsCZI9oN.1ulHJPw.MbRYSRZsb/XkyYck92uYin2ae,690@localhost,true
691,$2a$10$Vd1nx.MqKrkNsCZI9oN.1ulHJPw.MbRYSRZsb/XkyYck92uYin2ae,691@localhost,true
692,$2a$10$Vd1nx.MqKrkNsCZI9oN.1ulHJPw.MbRYSRZsb/XkyYck92uYin2ae,692@localhost,true
693,$2a$10$Vd1nx.MqKrkNsCZI9oN.1ulHJPw.MbRYSRZsb/XkyYck92uYin2ae,693@localhost,true
694,$2a$10$Vd1nx.MqKrkNsCZI9oN.1ulHJPw.MbRYSRZsb/XkyYck92uYin2ae,694@localhost,true
695,$2a$10$Vd1nx.MqKrkNsCZI9oN.1ulHJPw.MbRYSRZsb/XkyYck92uYin2ae,695@localhost,true
696,$2a$10$Vd1nx.MqKrkNsCZI9oN.1ulHJPw.MbRYSRZsb/XkyYck92uYin2ae,696@localhost,true
697,$2a$10$Vd1nx.MqKrkNsCZI9oN.1ulHJPw.MbRYSRZsb/XkyYck92uYin2ae,697@localhost,true
698,$2a$10$Vd1nx.MqKrkNsCZI9oN.1ulHJPw.MbRYSRZsb/XkyYck92uYin2ae,698@localhost,true
699,$2a$10$Vd1nx.MqKrkNsCZI9oN.1ulHJPw.MbRYSRZsb/XkyYck92uYin2ae,699@localhost,true
700,$2a$10$Vd1nx.MqKrkNsCZI9oN.1ulHJPw.MbRYSRZsb/XkyYck92uYin2ae,700@localhost,true
701,$2a$10$Vd1nx.MqKrkNsCZI9oN.1ulHJPw.MbRYSRZsb/XkyYck92uYin2ae,701@localhost,true
702,$2a$10$Vd1nx.MqKrkNsCZI9oN.1ulHJPw.MbRYSRZsb/XkyYck92uYin2ae,702@localhost,true
703,$2a$10$Vd1nx.MqKrkNsCZI9oN.1ulHJPw.MbRYSRZsb/XkyYck92uYin2ae,703@localhost,true
704,$2a$10$Vd1nx.MqKrkNsCZI9oN.1ulHJPw.MbRYSRZsb/XkyYck92uYin2ae,704@localhost,true
705,$2a$10$Vd1nx.MqKrkNsCZI9oN.1ulHJPw.MbRYSRZsb/XkyYck92uYin2ae,705@localhost,true
706,$2a$10$Vd1nx.MqKrkNsCZI9oN.1ulHJPw.MbRYSRZsb/XkyYck92uYin2ae,706@localhost,true
707,$2a$10$Vd1nx.MqKrkNsCZI9oN.1ulHJPw.MbRYSRZsb/XkyYck92uYin2ae,707@localhost,true
708,$2a$10$Vd1nx.MqKrkNsCZI9oN.1ulHJPw.MbRYSRZsb/XkyYck92uYin2ae,708@localhost,true
709,$2a$10$Vd1nx.MqKrkNsCZI9oN.1ulHJPw.MbRYSRZsb/XkyYck92uYin2ae,709@localhost,true
710,$2a$10$Vd1nx.MqKrkNsCZI9oN.1ulHJPw.MbRYSRZsb/XkyYck92uYin2ae,710@localhost,true
711,$2a$10$Vd1nx.MqKrkNsCZI9oN.1ulHJPw.MbRYSRZsb/XkyYck92uYin2ae,711@localhost,true
712,$2a$10$Vd1nx.MqKrkNsCZI9oN.1ulHJPw.MbRYSRZsb/XkyYck92uYin2ae,712@localhost,true
713,$2a$10$Vd1nx.MqKrkNsCZI9oN.1ulHJPw.MbRYSRZsb/XkyYck92uYin2ae,713@localhost,true
714,$2a$10$Vd1nx.MqKrkNsCZI9oN.1ulHJPw.MbRYSRZsb/XkyYck92uYin2ae,714@localhost,true
715,$2a$10$Vd1nx.MqKrkNsCZI9oN.1ulHJPw.MbRYSRZsb/XkyYck92uYin2ae,715@localhost,true
716,$2a$10$Vd1nx.MqKrkNsCZI9oN.1ulHJPw.MbRYSRZsb/XkyYck92uYin2ae,716@localhost,true
717,$2a$10$Vd1nx.MqKrkNsCZI9oN.1ulHJPw.MbRYSRZsb/XkyYck92uYin2ae,717@localhost,true
718,$2a$10$Vd1nx.MqKrkNsCZI9oN.1ulHJPw.MbRYSRZsb/XkyYck92uYin2ae,718@localhost,true
719,$2a$10$Vd1nx.MqKrkNsCZI9oN.1ulHJPw.MbRYSRZsb/XkyYck92uYin2ae,719@localhost,true
720,$2a$10$Vd1nx.MqKrkNsCZI9oN.1ulHJPw.MbRYSRZsb/XkyYck92uYin2ae,720@localhost,true
721,$2a$10$Vd1nx.MqKrkNsCZI9oN.1ulHJPw.MbRYSRZsb/XkyYck92uYin2ae,721@localhost,true
722,$2a$10$Vd1nx.MqKrkNsCZI9oN.1ulHJPw.MbRYSRZsb/XkyYck92uYin2ae,722@localhost,true
723,$2a$10$Vd1nx.MqKrkNsCZI9oN.1ulHJPw.MbRYSRZsb/XkyYck92uYin2ae,723@localhost,true
724,$2a$10$Vd1nx.MqKrkNsCZI9oN.1ulHJPw.MbRYSRZsb/XkyYck92uYin2ae,724@localhost,true
725,$2a$10$Vd1nx.MqKrkNsCZI9oN.1ulHJPw.MbRYSRZsb/XkyYck92uYin2ae,725@localhost,true
726,$2a$10$Vd1nx.MqKrkNsCZI9oN.1ulHJPw.MbRYSRZsb/XkyYck92uYin2ae,726@localhost,true
727,$2a$10$Vd1nx.MqKrkNsCZI9oN.1ulHJPw.MbRYSRZsb/XkyYck92uYin2ae,727@localhost,true
728,$2a$10$Vd1nx.MqKrkNsCZI9oN.1ulHJPw.MbRYSRZsb/XkyYck92uYin2ae,728@localhost,true
729,$2a$10$Vd1nx.MqKrkNsCZI9oN.1ulHJPw.MbRYSRZsb/XkyYck92uYin2ae,729@localhost,true
730,$2a$10$Vd1nx.MqKrkNsCZI9oN.1ulHJPw.MbRYSRZsb/XkyYck92uYin2ae,730@localhost,true
731,$2a$10$Vd1nx.MqKrkNsCZI9oN.1ulHJPw.MbRYSRZsb/XkyYck92uYin2ae,731@localhost,true
732,$2a$10$Vd1nx.MqKrkNsCZI9oN.1ulHJPw.MbRYSRZsb/XkyYck92uYin2ae,732@localhost,true
733,$2a$10$Vd1nx.MqKrkNsCZI9oN.1ulHJPw.MbRYSRZsb/XkyYck92uYin2ae,733@localhost,true
734,$2a$10$Vd1nx.MqKrkNsCZI9oN.1ulHJPw.MbRYSRZsb/XkyYck92uYin2ae,734@localhost,true
735,$2a$10$Vd1nx.MqKrkNsCZI9oN.1ulHJPw.MbRYSRZsb/XkyYck92uYin2ae,735@localhost,true
736,$2a$10$Vd1nx.MqKrkNsCZI9oN.1ulHJPw.MbRYSRZsb/XkyYck92uYin2ae,736@localhost,true
737,$2a$10$Vd1nx.MqKrkNsCZI9oN.1ulHJPw.MbRYSRZsb/XkyYck92uYin2ae,737@localhost,true
738,$2a$10$Vd1nx.MqKrkNsCZI9oN.1ulHJPw.MbRYSRZsb/XkyYck92uYin2ae,738@localhost,true
739,$2a$10$Vd1nx.MqKrkNsCZI9oN.1ulHJPw.MbRYSRZsb/XkyYck92uYin2ae,739@localhost,true
740,$2a$10$Vd1nx.MqKrkNsCZI9oN.1ulHJPw.MbRYSRZsb/XkyYck92uYin2ae,740@localhost,true
741,$2a$10$Vd1nx.MqKrkNsCZI9oN.1ulHJPw.MbRYSRZsb/XkyYck92uYin2ae,741@localhost,true
742,$2a$10$Vd1nx.MqKrkNsCZI9oN.1ulHJPw.MbRYSRZsb/XkyYck92uYin2ae,742@localhost,true
743,$2a$10$Vd1nx.MqKrkNsCZI9oN.1ulHJPw.MbRYSRZsb/XkyYck92uYin2ae,743@localhost,true
744,$2a$10$Vd1nx.MqKrkNsCZI9oN.1ulHJPw.MbRYSRZsb/XkyYck92uYin2ae,744@localhost,true
745,$2a$10$Vd1nx.MqKrkNsCZI9oN.1ulHJPw.MbRYSRZsb/XkyYck92uYin2ae,745@localhost,true
746,$2a$10$Vd1nx.MqKrkNsCZI9oN.1ulHJPw.MbRYSRZsb/XkyYck92uYin2ae,746@localhost,true
747,$2a$10$Vd1nx.MqKrkNsCZI9oN.1ulHJPw.MbRYSRZsb/XkyYck92uYin2ae,747@localhost,true
748,$2a$10$Vd1nx.MqKrkNsCZI9oN.1ulHJPw.MbRYSRZsb/XkyYck92uYin2ae,748@localhost,true
749,$2a$10$Vd1nx.MqKrkNsCZI9oN.1ulHJPw.MbRYSRZsb/XkyYck92uYin2ae,749@localhost,true
750,$2a$10$Vd1nx.MqKrkNsCZI9oN.1ulHJPw.MbRYSRZsb/XkyYck92uYin2ae,750@localhost,true
751,$2a$10$Vd1nx.MqKrkNsCZI9oN.1ulHJPw.MbRYSRZsb/XkyYck92uYin2ae,751@localhost,true
752,$2a$10$Vd1nx.MqKrkNsCZI9oN.1ulHJPw.MbRYSRZsb/XkyYck92uYin2ae,752@localhost,true
753,$2a$10$Vd1nx.MqKrkNsCZI9oN.1ulHJPw.MbRYSRZsb/XkyYck92uYin2ae,753@localhost,true
754,$2a$10$Vd1nx.MqKrkNsCZI9oN.1ulHJPw.MbRYSRZsb/XkyYck92uYin2ae,754@localhost,true
755,$2a$10$Vd1nx.MqKrkNsCZI9oN.1ulHJPw.MbRYSRZsb/XkyYck92uYin2ae,755@localhost,true
756,$2a$10$Vd1nx.MqKrkNsCZI9oN.1ulHJPw.MbRYSRZsb/XkyYck92uYin2ae,756@localhost,true
757,$2a$10$Vd1nx.MqKrkNsCZI9oN.1ulHJPw.MbRYSRZsb/XkyYck92uYin2ae,757@localhost,true
758,$2a$10$Vd1nx.MqKrkNsCZI9oN.1ulHJPw.MbRYSRZsb/XkyYck92uYin2ae,758@localhost,true
759,$2a$10$Vd1nx.MqKrkNsCZI9oN.1ulHJPw.MbRYSRZsb/XkyYck92uYin2ae,759@localhost,true
760,$2a$10$Vd1nx.MqKrkNsCZI9oN.1ulHJPw.MbRYSRZsb/XkyYck92uYin2ae,760@localhost,true
761,$2a$10$Vd1nx.MqKrkNsCZI9oN.1ulHJPw.MbRYSRZsb/XkyYck92uYin2ae,761@localhost,true
762,$2a$10$Vd1nx.MqKrkNsCZI9oN.1ulHJPw.MbRYSRZsb/XkyYck92uYin2ae,762@localhost,true
763,$2a$10$Vd1nx.MqKrkNsCZI9oN.1ulHJPw.MbRYSRZsb/XkyYck92uYin2ae,763@localhost,true
764,$2a$10$Vd1nx.MqKrkNsCZI9oN.1ulHJPw.MbRYSRZsb/XkyYck92uYin2ae,764@localhost,true
765,$2a$10$Vd1nx.MqKrkNsCZI9oN.1ulHJPw.MbRYSRZsb/XkyYck92uYin2ae,765@localhost,true
766,$2a$10$Vd1nx.MqKrkNsCZI9oN.1ulHJPw.MbRYSRZsb/XkyYck92uYin2ae,766@localhost,true
767,$2a$10$Vd1nx.MqKrkNsCZI9oN.1ulHJPw.MbRYSRZsb/XkyYck92uYin2ae,767@localhost,true
768,$2a$10$Vd1nx.MqKrkNsCZI9oN.1ulHJPw.MbRYSRZsb/XkyYck92uYin2ae,768@localhost,true
769,$2a$10$Vd1nx.MqKrkNsCZI9oN.1ulHJPw.MbRYSRZsb/XkyYck92uYin2ae,769@localhost,true
770,$2a$10$Vd1nx.MqKrkNsCZI9oN.1ulHJPw.MbRYSRZsb/XkyYck92uYin2ae,770@localhost,true
771,$2a$10$Vd1nx.MqKrkNsCZI9oN.1ulHJPw.MbRYSRZsb/XkyYck92uYin2ae,771@localhost,true
772,$2a$10$Vd1nx.MqKrkNsCZI9oN.1ulHJPw.MbRYSRZsb/XkyYck92uYin2ae,772@localhost,true
773,$2a$10$Vd1nx.MqKrkNsCZI9oN.1ulHJPw.MbRYSRZsb/XkyYck92uYin2ae,773@localhost,true
774,$2a$10$Vd1nx.MqKrkNsCZI9oN.1ulHJPw.MbRYSRZsb/XkyYck92uYin2ae,774@localhost,true
775,$2a$10$Vd1nx.MqKrkNsCZI9oN.1ulHJPw.MbRYSRZsb/XkyYck92uYin2ae,775@localhost,true
776,$2a$10$Vd1nx.MqKrkNsCZI9oN.1ulHJPw.MbRYSRZsb/XkyYck92uYin2ae,776@localhost,true
777,$2a$10$Vd1nx.MqKrkNsCZI9oN.1ulHJPw.MbRYSRZsb/XkyYck92uYin2ae,777@localhost,true
778,$2a$10$Vd1nx.MqKrkNsCZI9oN.1ulHJPw.MbRYSRZsb/XkyYck92uYin2ae,778@localhost,true
779,$2a$10$Vd1nx.MqKrkNsCZI9oN.1ulHJPw.MbRYSRZsb/XkyYck92uYin2ae,779@localhost,true
780,$2a$10$Vd1nx.MqKrkNsCZI9oN.1ulHJPw.MbRYSRZsb/XkyYck92uYin2ae,780@localhost,true
781,$2a$10$Vd1nx.MqKrkNsCZI9oN.1ulHJPw.MbRYSRZsb/XkyYck92uYin2ae,781@localhost,true
782,$2a$10$Vd1nx.MqKrkNsCZI9oN.1ulHJPw.MbRYSRZsb/XkyYck92uYin2ae,782@localhost,true
783,$2a$10$Vd1nx.MqKrkNsCZI9oN.1ulHJPw.MbRYSRZsb/XkyYck92uYin2ae,783@localhost,true
784,$2a$10$Vd1nx.MqKrkNsCZI9oN.1ulHJPw.MbRYSRZsb/XkyYck92uYin2ae,784@localhost,true
785,$2a$10$Vd1nx.MqKrkNsCZI9oN.1ulHJPw.MbRYSRZsb/XkyYck92uYin2ae,785@localhost,true
786,$2a$10$Vd1nx.MqKrkNsCZI9oN.1ulHJPw.MbRYSRZsb/XkyYck92uYin2ae,786@localhost,true
787,$2a$10$Vd1nx.MqKrkNsCZI9oN.1ulHJPw.MbRYSRZsb/XkyYck92uYin2ae,787@localhost,true
788,$2a$10$Vd1nx.MqKrkNsCZI9oN.1ulHJPw.MbRYSRZsb/XkyYck92uYin2ae,788@localhost,true
789,$2a$10$Vd1nx.MqKrkNsCZI9oN.1ulHJPw.MbRYSRZsb/XkyYck92uYin2ae,789@localhost,true
790,$2a$10$Vd1nx.MqKrkNsCZI9oN.1ulHJPw.MbRYSRZsb/XkyYck92uYin2ae,790@localhost,true
791,$2a$10$Vd1nx.MqKrkNsCZI9oN.1ulHJPw.MbRYSRZsb/XkyYck92uYin2ae,791@localhost,true
792,$2a$10$Vd1nx.MqKrkNsCZI9oN.1ulHJPw.MbRYSRZsb/XkyYck92uYin2ae,792@localhost,true
793,$2a$10$Vd1nx.MqKrkNsCZI9oN.1ulHJPw.MbRYSRZsb/XkyYck92uYin2ae,793@localhost,true
794,$2a$10$Vd1nx.MqKrkNsCZI9oN.1ulHJPw.MbRYSRZsb/XkyYck92uYin2ae,794@localhost,true
795,$2a$10$Vd1nx.MqKrkNsCZI9oN.1ulHJPw.MbRYSRZsb/XkyYck92uYin2ae,795@localhost,true
796,$2a$10$Vd1nx.MqKrkNsCZI9oN.1ulHJPw.MbRYSRZsb/XkyYck92uYin2ae,796@localhost,true
797,$2a$10$Vd1nx.MqKrkNsCZI9oN.1ulHJPw.MbRYSRZsb/XkyYck92uYin2ae,797@localhost,true
798,$2a$10$Vd1nx.MqKrkNsCZI9oN.1ulHJPw.MbRYSRZsb/XkyYck92uYin2ae,798@localhost,true
799,$2a$10$Vd1nx.MqKrkNsCZI9oN.1ulHJPw.MbRYSRZsb/XkyYck92uYin2ae,799@localhost,true
800,$2a$10$Vd1nx.MqKrkNsCZI9oN.1ulHJPw.MbRYSRZsb/XkyYck92uYin2ae,800@localhost,true
801,$2a$10$Vd1nx.MqKrkNsCZI9oN.1ulHJPw.MbRYSRZsb/XkyYck92uYin2ae,801@localhost,true
802,$2a$10$Vd1nx.MqKrkNsCZI9oN.1ulHJPw.MbRYSRZsb/XkyYck92uYin2ae,802@localhost,true
803,$2a$10$Vd1nx.MqKrkNsCZI9oN.1ulHJPw.MbRYSRZsb/XkyYck92uYin2ae,803@localhost,true
804,$2a$10$Vd1nx.MqKrkNsCZI9oN.1ulHJPw.MbRYSRZsb/XkyYck92uYin2ae,804@localhost,true
805,$2a$10$Vd1nx.MqKrkNsCZI9oN.1ulHJPw.MbRYSRZsb/XkyYck92uYin2ae,805@localhost,true
806,$2a$10$Vd1nx.MqKrkNsCZI9oN.1ulHJPw.MbRYSRZsb/XkyYck92uYin2ae,806@localhost,true
807,$2a$10$Vd1nx.MqKrkNsCZI9oN.1ulHJPw.MbRYSRZsb/XkyYck92uYin2ae,807@localhost,true
808,$2a$10$Vd1nx.MqKrkNsCZI9oN.1ulHJPw.MbRYSRZsb/XkyYck92uYin2ae,808@localhost,true
809,$2a$10$Vd1nx.MqKrkNsCZI9oN.1ulHJPw.MbRYSRZsb/XkyYck92uYin2ae,809@localhost,true
810,$2a$10$Vd1nx.MqKrkNsCZI9oN.1ulHJPw.MbRYSRZsb/XkyYck92uYin2ae,810@localhost,true
811,$2a$10$Vd1nx.MqKrkNsCZI9oN.1ulHJPw.MbRYSRZsb/XkyYck92uYin2ae,811@localhost,true
812,$2a$10$Vd1nx.MqKrkNsCZI9oN.1ulHJPw.MbRYSRZsb/XkyYck92uYin2ae,812@localhost,true
813,$2a$10$Vd1nx.MqKrkNsCZI9oN.1ulHJPw.MbRYSRZsb/XkyYck92uYin2ae,813@localhost,true
814,$2a$10$Vd1nx.MqKrkNsCZI9oN.1ulHJPw.MbRYSRZsb/XkyYck92uYin2ae,814@localhost,true
815,$2a$10$Vd1nx.MqKrkNsCZI9oN.1ulHJPw.MbRYSRZsb/XkyYck92uYin2ae,815@localhost,true
816,$2a$10$Vd1nx.MqKrkNsCZI9oN.1ulHJPw.MbRYSRZsb/XkyYck92uYin2ae,816@localhost,true
817,$2a$10$Vd1nx.MqKrkNsCZI9oN.1ulHJPw.MbRYSRZsb/XkyYck92uYin2ae,817@localhost,true
818,$2a$10$Vd1nx.MqKrkNsCZI9oN.1ulHJPw.MbRYSRZsb/XkyYck92uYin2ae,818@localhost,true
819,$2a$10$Vd1nx.MqKrkNsCZI9oN.1ulHJPw.MbRYSRZsb/XkyYck92uYin2ae,819@localhost,true
820,$2a$10$Vd1nx.MqKrkNsCZI9oN.1ulHJPw.MbRYSRZsb/XkyYck92uYin2ae,820@localhost,true
821,$2a$10$Vd1nx.MqKrkNsCZI9oN.1ulHJPw.MbRYSRZsb/XkyYck92uYin2ae,821@localhost,true
822,$2a$10$Vd1nx.MqKrkNsCZI9oN.1ulHJPw.MbRYSRZsb/XkyYck92uYin2ae,822@localhost,true
823,$2a$10$Vd1nx.MqKrkNsCZI9oN.1ulHJPw.MbRYSRZsb/XkyYck92uYin2ae,823@localhost,true
824,$2a$10$Vd1nx.MqKrkNsCZI9oN.1ulHJPw.MbRYSRZsb/XkyYck92uYin2ae,824@localhost,true
825,$2a$10$Vd1nx.MqKrkNsCZI9oN.1ulHJPw.MbRYSRZsb/XkyYck92uYin2ae,825@localhost,true
826,$2a$10$Vd1nx.MqKrkNsCZI9oN.1ulHJPw.MbRYSRZsb/XkyYck92uYin2ae,826@localhost,true
827,$2a$10$Vd1nx.MqKrkNsCZI9oN.1ulHJPw.MbRYSRZsb/XkyYck92uYin2ae,827@localhost,true
828,$2a$10$Vd1nx.MqKrkNsCZI9oN.1ulHJPw.MbRYSRZsb/XkyYck92uYin2ae,828@localhost,true
829,$2a$10$Vd1nx.MqKrkNsCZI9oN.1ulHJPw.MbRYSRZsb/XkyYck92uYin2ae,829@localhost,true
830,$2a$10$Vd1nx.MqKrkNsCZI9oN.1ulHJPw.MbRYSRZsb/XkyYck92uYin2ae,830@localhost,true
831,$2a$10$Vd1nx.MqKrkNsCZI9oN.1ulHJPw.MbRYSRZsb/XkyYck92uYin2ae,831@localhost,true
832,$2a$10$Vd1nx.MqKrkNsCZI9oN.1ulHJPw.MbRYSRZsb/XkyYck92uYin2ae,832@localhost,true
833,$2a$10$Vd1nx.MqKrkNsCZI9oN.1ulHJPw.MbRYSRZsb/XkyYck92uYin2ae,833@localhost,true
834,$2a$10$Vd1nx.MqKrkNsCZI9oN.1ulHJPw.MbRYSRZsb/XkyYck92uYin2ae,834@localhost,true
835,$2a$10$Vd1nx.MqKrkNsCZI9oN.1ulHJPw.MbRYSRZsb/XkyYck92uYin2ae,835@localhost,true
836,$2a$10$Vd1nx.MqKrkNsCZI9oN.1ulHJPw.MbRYSRZsb/XkyYck92uYin2ae,836@localhost,true
837,$2a$10$Vd1nx.MqKrkNsCZI9oN.1ulHJPw.MbRYSRZsb/XkyYck92uYin2ae,837@localhost,true
838,$2a$10$Vd1nx.MqKrkNsCZI9oN.1ulHJPw.MbRYSRZsb/XkyYck92uYin2ae,838@localhost,true
839,$2a$10$Vd1nx.MqKrkNsCZI9oN.1ulHJPw.MbRYSRZsb/XkyYck92uYin2ae,839@localhost,true
840,$2a$10$Vd1nx.MqKrkNsCZI9oN.1ulHJPw.MbRYSRZsb/XkyYck92uYin2ae,840@localhost,true
841,$2a$10$Vd1nx.MqKrkNsCZI9oN.1ulHJPw.MbRYSRZsb/XkyYck92uYin2ae,841@localhost,true
842,$2a$10$Vd1nx.MqKrkNsCZI9oN.1ulHJPw.MbRYSRZsb/XkyYck92uYin2ae,842@localhost,true
843,$2a$10$Vd1nx.MqKrkNsCZI9oN.1ulHJPw.MbRYSRZsb/XkyYck92uYin2ae,843@localhost,true
844,$2a$10$Vd1nx.MqKrkNsCZI9oN.1ulHJPw.MbRYSRZsb/XkyYck92uYin2ae,844@localhost,true
845,$2a$10$Vd1nx.MqKrkNsCZI9oN.1ulHJPw.MbRYSRZsb/XkyYck92uYin2ae,845@localhost,true
846,$2a$10$Vd1nx.MqKrkNsCZI9oN.1ulHJPw.MbRYSRZsb/XkyYck92uYin2ae,846@localhost,true
847,$2a$10$Vd1nx.MqKrkNsCZI9oN.1ulHJPw.MbRYSRZsb/XkyYck92uYin2ae,847@localhost,true
848,$2a$10$Vd1nx.MqKrkNsCZI9oN.1ulHJPw.MbRYSRZsb/XkyYck92uYin2ae,848@localhost,true
849,$2a$10$Vd1nx.MqKrkNsCZI9oN.1ulHJPw.MbRYSRZsb/XkyYck92uYin2ae,849@localhost,true
850,$2a$10$Vd1nx.MqKrkNsCZI9oN.1ulHJPw.MbRYSRZsb/XkyYck92uYin2ae,850@localhost,true
851,$2a$10$Vd1nx.MqKrkNsCZI9oN.1ulHJPw.MbRYSRZsb/XkyYck92uYin2ae,851@localhost,true
852,$2a$10$Vd1nx.MqKrkNsCZI9oN.1ulHJPw.MbRYSRZsb/XkyYck92uYin2ae,852@localhost,true
853,$2a$10$Vd1nx.MqKrkNsCZI9oN.1ulHJPw.MbRYSRZsb/XkyYck92uYin2ae,853@localhost,true
854,$2a$10$Vd1nx.MqKrkNsCZI9oN.1ulHJPw.MbRYSRZsb/XkyYck92uYin2ae,854@localhost,true
855,$2a$10$Vd1nx.MqKrkNsCZI9oN.1ulHJPw.MbRYSRZsb/XkyYck92uYin2ae,855@localhost,true
856,$2a$10$Vd1nx.MqKrkNsCZI9oN.1ulHJPw.MbRYSRZsb/XkyYck92uYin2ae,856@localhost,true
857,$2a$10$Vd1nx.MqKrkNsCZI9oN.1ulHJPw.MbRYSRZsb/XkyYck92uYin2ae,857@localhost,true
858,$2a$10$Vd1nx.MqKrkNsCZI9oN.1ulHJPw.MbRYSRZsb/XkyYck92uYin2ae,858@localhost,true
859,$2a$10$Vd1nx.MqKrkNsCZI9oN.1ulHJPw.MbRYSRZsb/XkyYck92uYin2ae,859@localhost,true
860,$2a$10$Vd1nx.MqKrkNsCZI9oN.1ulHJPw.MbRYSRZsb/XkyYck92uYin2ae,860@localhost,true
861,$2a$10$Vd1nx.MqKrkNsCZI9oN.1ulHJPw.MbRYSRZsb/XkyYck92uYin2ae,861@localhost,true
862,$2a$10$Vd1nx.MqKrkNsCZI9oN.1ulHJPw.MbRYSRZsb/XkyYck92uYin2ae,862@localhost,true
863,$2a$10$Vd1nx.MqKrkNsCZI9oN.1ulHJPw.MbRYSRZsb/XkyYck92uYin2ae,863@localhost,true
864,$2a$10$Vd1nx.MqKrkNsCZI9oN.1ulHJPw.MbRYSRZsb/XkyYck92uYin2ae,864@localhost,true
865,$2a$10$Vd1nx.MqKrkNsCZI9oN.1ulHJPw.MbRYSRZsb/XkyYck92uYin2ae,865@localhost,true
866,$2a$10$Vd1nx.MqKrkNsCZI9oN.1ulHJPw.MbRYSRZsb/XkyYck92uYin2ae,866@localhost,true
867,$2a$10$Vd1nx.MqKrkNsCZI9oN.1ulHJPw.MbRYSRZsb/XkyYck92uYin2ae,867@localhost,true
868,$2a$10$Vd1nx.MqKrkNsCZI9oN.1ulHJPw.MbRYSRZsb/XkyYck92uYin2ae,868@localhost,true
869,$2a$10$Vd1nx.MqKrkNsCZI9oN.1ulHJPw.MbRYSRZsb/XkyYck92uYin2ae,869@localhost,true
870,$2a$10$Vd1nx.MqKrkNsCZI9oN.1ulHJPw.MbRYSRZsb/XkyYck92uYin2ae,870@localhost,true
871,$2a$10$Vd1nx.MqKrkNsCZI9oN.1ulHJPw.MbRYSRZsb/XkyYck92uYin2ae,871@localhost,true
872,$2a$10$Vd1nx.MqKrkNsCZI9oN.1ulHJPw.MbRYSRZsb/XkyYck92uYin2ae,872@localhost,true
873,$2a$10$Vd1nx.MqKrkNsCZI9oN.1ulHJPw.MbRYSRZsb/XkyYck92uYin2ae,873@localhost,true
874,$2a$10$Vd1nx.MqKrkNsCZI9oN.1ulHJPw.MbRYSRZsb/XkyYck92uYin2ae,874@localhost,true
875,$2a$10$Vd1nx.MqKrkNsCZI9oN.1ulHJPw.MbRYSRZsb/XkyYck92uYin2ae,875@localhost,true
876,$2a$10$Vd1nx.MqKrkNsCZI9oN.1ulHJPw.MbRYSRZsb/XkyYck92uYin2ae,876@localhost,true
877,$2a$10$Vd1nx.MqKrkNsCZI9oN.1ulHJPw.MbRYSRZsb/XkyYck92uYin2ae,877@localhost,true
878,$2a$10$Vd1nx.MqKrkNsCZI9oN.1ulHJPw.MbRYSRZsb/XkyYck92uYin2ae,878@localhost,true
879,$2a$10$Vd1nx.MqKrkNsCZI9oN.1ulHJPw.MbRYSRZsb/XkyYck92uYin2ae,879@localhost,true
880,$2a$10$Vd1nx.MqKrkNsCZI9oN.1ulHJPw.MbRYSRZsb/XkyYck92uYin2ae,880@localhost,true
881,$2a$10$Vd1nx.MqKrkNsCZI9oN.1ulHJPw.MbRYSRZsb/XkyYck92uYin2ae,881@localhost,true
882,$2a$10$Vd1nx.MqKrkNsCZI9oN.1ulHJPw.MbRYSRZsb/XkyYck92uYin2ae,882@localhost,true
883,$2a$10$Vd1nx.MqKrkNsCZI9oN.1ulHJPw.MbRYSRZsb/XkyYck92uYin2ae,883@localhost,true
884,$2a$10$Vd1nx.MqKrkNsCZI9oN.1ulHJPw.MbRYSRZsb/XkyYck92uYin2ae,884@localhost,true
885,$2a$10$Vd1nx.MqKrkNsCZI9oN.1ulHJPw.MbRYSRZsb/XkyYck92uYin2ae,885@localhost,true
886,$2a$10$Vd1nx.MqKrkNsCZI9oN.1ulHJPw.MbRYSRZsb/XkyYck92uYin2ae,886@localhost,true
887,$2a$10$Vd1nx.MqKrkNsCZI9oN.1ulHJPw.MbRYSRZsb/XkyYck92uYin2ae,887@localhost,true
888,$2a$10$Vd1nx.MqKrkNsCZI9oN.1ulHJPw.MbRYSRZsb/XkyYck92uYin2ae,888@localhost,true
889,$2a$10$Vd1nx.MqKrkNsCZI9oN.1ulHJPw.MbRYSRZsb/XkyYck92uYin2ae,889@localhost,true
890,$2a$10$Vd1nx.MqKrkNsCZI9oN.1ulHJPw.MbRYSRZsb/XkyYck92uYin2ae,890@localhost,true
891,$2a$10$Vd1nx.MqKrkNsCZI9oN.1ulHJPw.MbRYSRZsb/XkyYck92uYin2ae,891@localhost,true
892,$2a$10$Vd1nx.MqKrkNsCZI9oN.1ulHJPw.MbRYSRZsb/XkyYck92uYin2ae,892@localhost,true
893,$2a$10$Vd1nx.MqKrkNsCZI9oN.1ulHJPw.MbRYSRZsb/XkyYck92uYin2ae,893@localhost,true
894,$2a$10$Vd1nx.MqKrkNsCZI9oN.1ulHJPw.MbRYSRZsb/XkyYck92uYin2ae,894@localhost,true
895,$2a$10$Vd1nx.MqKrkNsCZI9oN.1ulHJPw.MbRYSRZsb/XkyYck92uYin2ae,895@localhost,true
896,$2a$10$Vd1nx.MqKrkNsCZI9oN.1ulHJPw.MbRYSRZsb/XkyYck92uYin2ae,896@localhost,true
897,$2a$10$Vd1nx.MqKrkNsCZI9oN.1ulHJPw.MbRYSRZsb/XkyYck92uYin2ae,897@localhost,true
898,$2a$10$Vd1nx.MqKrkNsCZI9oN.1ulHJPw.MbRYSRZsb/XkyYck92uYin2ae,898@localhost,true
899,$2a$10$Vd1nx.MqKrkNsCZI9oN.1ulHJPw.MbRYSRZsb/XkyYck92uYin2ae,899@localhost,true
900,$2a$10$Vd1nx.MqKrkNsCZI9oN.1ulHJPw.MbRYSRZsb/XkyYck92uYin2ae,900@localhost,true
901,$2a$10$Vd1nx.MqKrkNsCZI9oN.1ulHJPw.MbRYSRZsb/XkyYck92uYin2ae,901@localhost,true
902,$2a$10$Vd1nx.MqKrkNsCZI9oN.1ulHJPw.MbRYSRZsb/XkyYck92uYin2ae,902@localhost,true
903,$2a$10$Vd1nx.MqKrkNsCZI9oN.1ulHJPw.MbRYSRZsb/XkyYck92uYin2ae,903@localhost,true
904,$2a$10$Vd1nx.MqKrkNsCZI9oN.1ulHJPw.MbRYSRZsb/XkyYck92uYin2ae,904@localhost,true
905,$2a$10$Vd1nx.MqKrkNsCZI9oN.1ulHJPw.MbRYSRZsb/XkyYck92uYin2ae,905@localhost,true
906,$2a$10$Vd1nx.MqKrkNsCZI9oN.1ulHJPw.MbRYSRZsb/XkyYck92uYin2ae,906@localhost,true
907,$2a$10$Vd1nx.MqKrkNsCZI9oN.1ulHJPw.MbRYSRZsb/XkyYck92uYin2ae,907@localhost,true
908,$2a$10$Vd1nx.MqKrkNsCZI9oN.1ulHJPw.MbRYSRZsb/XkyYck92uYin2ae,908@localhost,true
909,$2a$10$Vd1nx.MqKrkNsCZI9oN.1ulHJPw.MbRYSRZsb/XkyYck92uYin2ae,909@localhost,true
910,$2a$10$Vd1nx.MqKrkNsCZI9oN.1ulHJPw.MbRYSRZsb/XkyYck92uYin2ae,910@localhost,true
911,$2a$10$Vd1nx.MqKrkNsCZI9oN.1ulHJPw.MbRYSRZsb/XkyYck92uYin2ae,911@localhost,true
912,$2a$10$Vd1nx.MqKrkNsCZI9oN.1ulHJPw.MbRYSRZsb/XkyYck92uYin2ae,912@localhost,true
913,$2a$10$Vd1nx.MqKrkNsCZI9oN.1ulHJPw.MbRYSRZsb/XkyYck92uYin2ae,913@localhost,true
914,$2a$10$Vd1nx.MqKrkNsCZI9oN.1ulHJPw.MbRYSRZsb/XkyYck92uYin2ae,914@localhost,true
915,$2a$10$Vd1nx.MqKrkNsCZI9oN.1ulHJPw.MbRYSRZsb/XkyYck92uYin2ae,915@localhost,true
916,$2a$10$Vd1nx.MqKrkNsCZI9oN.1ulHJPw.MbRYSRZsb/XkyYck92uYin2ae,916@localhost,true
917,$2a$10$Vd1nx.MqKrkNsCZI9oN.1ulHJPw.MbRYSRZsb/XkyYck92uYin2ae,917@localhost,true
918,$2a$10$Vd1nx.MqKrkNsCZI9oN.1ulHJPw.MbRYSRZsb/XkyYck92uYin2ae,918@localhost,true
919,$2a$10$Vd1nx.MqKrkNsCZI9oN.1ulHJPw.MbRYSRZsb/XkyYck92uYin2ae,919@localhost,true
920,$2a$10$Vd1nx.MqKrkNsCZI9oN.1ulHJPw.MbRYSRZsb/XkyYck92uYin2ae,920@localhost,true
921,$2a$10$Vd1nx.MqKrkNsCZI9oN.1ulHJPw.MbRYSRZsb/XkyYck92uYin2ae,921@localhost,true
922,$2a$10$Vd1nx.MqKrkNsCZI9oN.1ulHJPw.MbRYSRZsb/XkyYck92uYin2ae,922@localhost,true
923,$2a$10$Vd1nx.MqKrkNsCZI9oN.1ulHJPw.MbRYSRZsb/XkyYck92uYin2ae,923@localhost,true
924,$2a$10$Vd1nx.MqKrkNsCZI9oN.1ulHJPw.MbRYSRZsb/XkyYck92uYin2ae,924@localhost,true
925,$2a$10$Vd1nx.MqKrkNsCZI9oN.1ulHJPw.MbRYSRZsb/XkyYck92uYin2ae,925@localhost,true
926,$2a$10$Vd1nx.MqKrkNsCZI9oN.1ulHJPw.MbRYSRZsb/XkyYck92uYin2ae,926@localhost,true
927,$2a$10$Vd1nx.MqKrkNsCZI9oN.1ulHJPw.MbRYSRZsb/XkyYck92uYin2ae,927@localhost,true
928,$2a$10$Vd1nx.MqKrkNsCZI9oN.1ulHJPw.MbRYSRZsb/XkyYck92uYin2ae,928@localhost,true
929,$2a$10$Vd1nx.MqKrkNsCZI9oN.1ulHJPw.MbRYSRZsb/XkyYck92uYin2ae,929@localhost,true
930,$2a$10$Vd1nx.MqKrkNsCZI9oN.1ulHJPw.MbRYSRZsb/XkyYck92uYin2ae,930@localhost,true
931,$2a$10$Vd1nx.MqKrkNsCZI9oN.1ulHJPw.MbRYSRZsb/XkyYck92uYin2ae,931@localhost,true
932,$2a$10$Vd1nx.MqKrkNsCZI9oN.1ulHJPw.MbRYSRZsb/XkyYck92uYin2ae,932@localhost,true
933,$2a$10$Vd1nx.MqKrkNsCZI9oN.1ulHJPw.MbRYSRZsb/XkyYck92uYin2ae,933@localhost,true
934,$2a$10$Vd1nx.MqKrkNsCZI9oN.1ulHJPw.MbRYSRZsb/XkyYck92uYin2ae,934@localhost,true
935,$2a$10$Vd1nx.MqKrkNsCZI9oN.1ulHJPw.MbRYSRZsb/XkyYck92uYin2ae,935@localhost,true
936,$2a$10$Vd1nx.MqKrkNsCZI9oN.1ulHJPw.MbRYSRZsb/XkyYck92uYin2ae,936@localhost,true
937,$2a$10$Vd1nx.MqKrkNsCZI9oN.1ulHJPw.MbRYSRZsb/XkyYck92uYin2ae,937@localhost,true
938,$2a$10$Vd1nx.MqKrkNsCZI9oN.1ulHJPw.MbRYSRZsb/XkyYck92uYin2ae,938@localhost,true
939,$2a$10$Vd1nx.MqKrkNsCZI9oN.1ulHJPw.MbRYSRZsb/XkyYck92uYin2ae,939@localhost,true
940,$2a$10$Vd1nx.MqKrkNsCZI9oN.1ulHJPw.MbRYSRZsb/XkyYck92uYin2ae,940@localhost,true
941,$2a$10$Vd1nx.MqKrkNsCZI9oN.1ulHJPw.MbRYSRZsb/XkyYck92uYin2ae,941@localhost,true
942,$2a$10$Vd1nx.MqKrkNsCZI9oN.1ulHJPw.MbRYSRZsb/XkyYck92uYin2ae,942@localhost,true
943,$2a$10$Vd1nx.MqKrkNsCZI9oN.1ulHJPw.MbRYSRZsb/XkyYck92uYin2ae,943@localhost,true
944,$2a$10$Vd1nx.MqKrkNsCZI9oN.1ulHJPw.MbRYSRZsb/XkyYck92uYin2ae,944@localhost,true
945,$2a$10$Vd1nx.MqKrkNsCZI9oN.1ulHJPw.MbRYSRZsb/XkyYck92uYin2ae,945@localhost,true
946,$2a$10$Vd1nx.MqKrkNsCZI9oN.1ulHJPw.MbRYSRZsb/XkyYck92uYin2ae,946@localhost,true
947,$2a$10$Vd1nx.MqKrkNsCZI9oN.1ulHJPw.MbRYSRZsb/XkyYck92uYin2ae,947@localhost,true
948,$2a$10$Vd1nx.MqKrkNsCZI9oN.1ulHJPw.MbRYSRZsb/XkyYck92uYin2ae,948@localhost,true
949,$2a$10$Vd1nx.MqKrkNsCZI9oN.1ulHJPw.MbRYSRZsb/XkyYck92uYin2ae,949@localhost,true
950,$2a$10$Vd1nx.MqKrkNsCZI9oN.1ulHJPw.MbRYSRZsb/XkyYck92uYin2ae,950@localhost,true
951,$2a$10$Vd1nx.MqKrkNsCZI9oN.1ulHJPw.MbRYSRZsb/XkyYck92uYin2ae,951@localhost,true
952,$2a$10$Vd1nx.MqKrkNsCZI9oN.1ulHJPw.MbRYSRZsb/XkyYck92uYin2ae,952@localhost,true
953,$2a$10$Vd1nx.MqKrkNsCZI9oN.1ulHJPw.MbRYSRZsb/XkyYck92uYin2ae,953@localhost,true
954,$2a$10$Vd1nx.MqKrkNsCZI9oN.1ulHJPw.MbRYSRZsb/XkyYck92uYin2ae,954@localhost,true
955,$2a$10$Vd1nx.MqKrkNsCZI9oN.1ulHJPw.MbRYSRZsb/XkyYck92uYin2ae,955@localhost,true
956,$2a$10$Vd1nx.MqKrkNsCZI9oN.1ulHJPw.MbRYSRZsb/XkyYck92uYin2ae,956@localhost,true
957,$2a$10$Vd1nx.MqKrkNsCZI9oN.1ulHJPw.MbRYSRZsb/XkyYck92uYin2ae,957@localhost,true
958,$2a$10$Vd1nx.MqKrkNsCZI9oN.1ulHJPw.MbRYSRZsb/XkyYck92uYin2ae,958@localhost,true
959,$2a$10$Vd1nx.MqKrkNsCZI9oN.1ulHJPw.MbRYSRZsb/XkyYck92uYin2ae,959@localhost,true
960,$2a$10$Vd1nx.MqKrkNsCZI9oN.1ulHJPw.MbRYSRZsb/XkyYck92uYin2ae,960@localhost,true
961,$2a$10$Vd1nx.MqKrkNsCZI9oN.1ulHJPw.MbRYSRZsb/XkyYck92uYin2ae,961@localhost,true
962,$2a$10$Vd1nx.MqKrkNsCZI9oN.1ulHJPw.MbRYSRZsb/XkyYck92uYin2ae,962@localhost,true
963,$2a$10$Vd1nx.MqKrkNsCZI9oN.1ulHJPw.MbRYSRZsb/XkyYck92uYin2ae,963@localhost,true
964,$2a$10$Vd1nx.MqKrkNsCZI9oN.1ulHJPw.MbRYSRZsb/XkyYck92uYin2ae,964@localhost,true
965,$2a$10$Vd1nx.MqKrkNsCZI9oN.1ulHJPw.MbRYSRZsb/XkyYck92uYin2ae,965@localhost,true
966,$2a$10$Vd1nx.MqKrkNsCZI9oN.1ulHJPw.MbRYSRZsb/XkyYck92uYin2ae,966@localhost,true
967,$2a$10$Vd1nx.MqKrkNsCZI9oN.1ulHJPw.MbRYSRZsb/XkyYck92uYin2ae,967@localhost,true
968,$2a$10$Vd1nx.MqKrkNsCZI9oN.1ulHJPw.MbRYSRZsb/XkyYck92uYin2ae,968@localhost,true
969,$2a$10$Vd1nx.MqKrkNsCZI9oN.1ulHJPw.MbRYSRZsb/XkyYck92uYin2ae,969@localhost,true
970,$2a$10$Vd1nx.MqKrkNsCZI9oN.1ulHJPw.MbRYSRZsb/XkyYck92uYin2ae,970@localhost,true
971,$2a$10$Vd1nx.MqKrkNsCZI9oN.1ulHJPw.MbRYSRZsb/XkyYck92uYin2ae,971@localhost,true
972,$2a$10$Vd1nx.MqKrkNsCZI9oN.1ulHJPw.MbRYSRZsb/XkyYck92uYin2ae,972@localhost,true
973,$2a$10$Vd1nx.MqKrkNsCZI9oN.1ulHJPw.MbRYSRZsb/XkyYck92uYin2ae,973@localhost,true
974,$2a$10$Vd1nx.MqKrkNsCZI9oN.1ulHJPw.MbRYSRZsb/XkyYck92uYin2ae,974@localhost,true
975,$2a$10$Vd1nx.MqKrkNsCZI9oN.1ulHJPw.MbRYSRZsb/XkyYck92uYin2ae,975@localhost,true
976,$2a$10$Vd1nx.MqKrkNsCZI9oN.1ulHJPw.MbRYSRZsb/XkyYck92uYin2ae,976@localhost,true
977,$2a$10$Vd1nx.MqKrkNsCZI9oN.1ulHJPw.MbRYSRZsb/XkyYck92uYin2ae,977@localhost,true
978,$2a$10$Vd1nx.MqKrkNsCZI9oN.1ulHJPw.MbRYSRZsb/XkyYck92uYin2ae,978@localhost,true
979,$2a$10$Vd1nx.MqKrkNsCZI9oN.1ulHJPw.MbRYSRZsb/XkyYck92uYin2ae,979@localhost,true
980,$2a$10$Vd1nx.MqKrkNsCZI9oN.1ulHJPw.MbRYSRZsb/XkyYck92uYin2ae,980@localhost,true
981,$2a$10$Vd1nx.MqKrkNsCZI9oN.1ulHJPw.MbRYSRZsb/XkyYck92uYin2ae,981@localhost,true
982,$2a$10$Vd1nx.MqKrkNsCZI9oN.1ulHJPw.MbRYSRZsb/XkyYck92uYin2ae,982@localhost,true
983,$2a$10$Vd1nx.MqKrkNsCZI9oN.1ulHJPw.MbRYSRZsb/XkyYck92uYin2ae,983@localhost,true
984,$2a$10$Vd1nx.MqKrkNsCZI9oN.1ulHJPw.MbRYSRZsb/XkyYck92uYin2ae,984@localhost,true
985,$2a$10$Vd1nx.MqKrkNsCZI9oN.1ulHJPw.MbRYSRZsb/XkyYck92uYin2ae,985@localhost,true
986,$2a$10$Vd1nx.MqKrkNsCZI9oN.1ulHJPw.MbRYSRZsb/XkyYck92uYin2ae,986@localhost,true
987,$2a$10$Vd1nx.MqKrkNsCZI9oN.1ulHJPw.MbRYSRZsb/XkyYck92uYin2ae,987@localhost,true
988,$2a$10$Vd1nx.MqKrkNsCZI9oN.1ulHJPw.MbRYSRZsb/XkyYck92uYin2ae,988@localhost,true
989,$2a$10$Vd1nx.MqKrkNsCZI9oN.1ulHJPw.MbRYSRZsb/XkyYck92uYin2ae,989@localhost,true
990,$2a$10$Vd1nx.MqKrkNsCZI9oN.1ulHJPw.MbRYSRZsb/XkyYck92uYin2ae,990@localhost,true
991,$2a$10$Vd1nx.MqKrkNsCZI9oN.1ulHJPw.MbRYSRZsb/XkyYck92uYin2ae,991@localhost,true
992,$2a$10$Vd1nx.MqKrkNsCZI9oN.1ulHJPw.MbRYSRZsb/XkyYck92uYin2ae,992@localhost,true
993,$2a$10$Vd1nx.MqKrkNsCZI9oN.1ulHJPw.MbRYSRZsb/XkyYck92uYin2ae,993@localhost,true
994,$2a$10$Vd1nx.MqKrkNsCZI9oN.1ulHJPw.MbRYSRZsb/XkyYck92uYin2ae,994@localhost,true
995,$2a$10$Vd1nx.MqKrkNsCZI9oN.1ulHJPw.MbRYSRZsb/XkyYck92uYin2ae,995@localhost,true
996,$2a$10$Vd1nx.MqKrkNsCZI9oN.1ulHJPw.MbRYSRZsb/XkyYck92uYin2ae,996@localhost,true
997,$2a$10$Vd1nx.MqKrkNsCZI9oN.1ulHJPw.MbRYSRZsb/XkyYck92uYin2ae,997@localhost,true
998,$2a$10$Vd1nx.MqKrkNsCZI9oN.1ulHJPw.MbRYSRZsb/XkyYck92uYin2ae,998@localhost,true
999,$2a$10$Vd1nx.MqKrkNsCZI9oN.1ulHJPw.MbRYSRZsb/XkyYck92uYin2ae,999@localhost,true